Confirmed,country,Deaths,date,Province/State,Recovered
0.0,Hong Kong,0.0,2020-01-22,,0.0
1.0,Macau,0.0,2020-01-22,,0.0
1.0,Taiwan,0.0,2020-01-22,,0.0
1.0,US,0.0,2020-01-22,,0.0
2.0,Japan,0.0,2020-01-22,,0.0
2.0,Thailand,0.0,2020-01-22,,0.0
1.0,South Korea,0.0,2020-01-22,,0.0
2.0,Hong Kong,0.0,2020-01-23,,0.0
2.0,Macau,0.0,2020-01-23,,0.0
1.0,Taiwan,0.0,2020-01-23,,0.0
1.0,US,0.0,2020-01-23,,0.0
1.0,Japan,0.0,2020-01-23,,0.0
3.0,Thailand,0.0,2020-01-23,,0.0
1.0,South Korea,0.0,2020-01-23,,0.0
1.0,Singapore,0.0,2020-01-23,,0.0
0.0,Philippines,0.0,2020-01-23,,0.0
0.0,Malaysia,0.0,2020-01-23,,0.0
2.0,Vietnam,0.0,2020-01-23,,0.0
0.0,Australia,0.0,2020-01-23,,0.0
0.0,Mexico,0.0,2020-01-23,,0.0
0.0,Brazil,0.0,2020-01-23,,0.0
0.0,Colombia,0.0,2020-01-23,,0.0
3.0,Taiwan,0.0,2020-01-24,,0.0
2.0,Hong Kong,0.0,2020-01-24,,0.0
2.0,Macau,0.0,2020-01-24,,0.0
2.0,Japan,0.0,2020-01-24,,0.0
5.0,Thailand,0.0,2020-01-24,,0.0
2.0,South Korea,0.0,2020-01-24,,0.0
3.0,Singapore,0.0,2020-01-24,,0.0
2.0,Vietnam,0.0,2020-01-24,,0.0
2.0,France,0.0,2020-01-24,,0.0
5.0,Hong Kong,0.0,2020-01-25,,0.0
3.0,Taiwan,0.0,2020-01-25,,0.0
2.0,Macau,0.0,2020-01-25,,0.0
2.0,Japan,0.0,2020-01-25,,0.0
7.0,Thailand,0.0,2020-01-25,,0.0
2.0,South Korea,0.0,2020-01-25,,0.0
3.0,Singapore,0.0,2020-01-25,,0.0
2.0,Vietnam,0.0,2020-01-25,,0.0
3.0,France,0.0,2020-01-25,,0.0
4.0,Australia,0.0,2020-01-25,,0.0
1.0,Nepal,0.0,2020-01-25,,0.0
3.0,Malaysia,0.0,2020-01-25,,0.0
8.0,Hong Kong,0.0,2020-01-26,,0.0
5.0,Macau,0.0,2020-01-26,,0.0
4.0,Taiwan,0.0,2020-01-26,,0.0
4.0,Japan,0.0,2020-01-26,,1.0
8.0,Thailand,0.0,2020-01-26,,2.0
3.0,South Korea,0.0,2020-01-26,,0.0
4.0,Singapore,0.0,2020-01-26,,0.0
2.0,Vietnam,0.0,2020-01-26,,0.0
3.0,France,0.0,2020-01-26,,0.0
4.0,Australia,0.0,2020-01-26,,0.0
1.0,Nepal,0.0,2020-01-26,,0.0
4.0,Malaysia,0.0,2020-01-26,,0.0
1.0,Canada,0.0,2020-01-26,,0.0
8.0,Hong Kong,0.0,2020-01-27,,0.0
6.0,Macau,0.0,2020-01-27,,0.0
5.0,Taiwan,0.0,2020-01-27,,0.0
4.0,Japan,0.0,2020-01-27,,1.0
8.0,Thailand,0.0,2020-01-27,,2.0
4.0,South Korea,0.0,2020-01-27,,0.0
5.0,Singapore,0.0,2020-01-27,,0.0
2.0,Vietnam,0.0,2020-01-27,,0.0
3.0,France,0.0,2020-01-27,,0.0
1.0,Nepal,0.0,2020-01-27,,0.0
4.0,Malaysia,0.0,2020-01-27,,0.0
1.0,Canada,0.0,2020-01-27,,0.0
1.0,Cambodia,0.0,2020-01-27,,0.0
1.0,Sri Lanka,0.0,2020-01-27,,0.0
1.0,Ivory Coast,0.0,2020-01-27,,0.0
8.0,Taiwan,0.0,2020-01-28,,0.0
8.0,Hong Kong,0.0,2020-01-28,,0.0
7.0,Macau,0.0,2020-01-28,,0.0
7.0,Japan,0.0,2020-01-28,,1.0
14.0,Thailand,0.0,2020-01-28,,5.0
4.0,South Korea,0.0,2020-01-28,,0.0
7.0,Singapore,0.0,2020-01-28,,0.0
2.0,Vietnam,0.0,2020-01-28,,0.0
4.0,France,0.0,2020-01-28,,0.0
1.0,Nepal,0.0,2020-01-28,,0.0
4.0,Malaysia,0.0,2020-01-28,,0.0
1.0,Cambodia,0.0,2020-01-28,,0.0
1.0,Sri Lanka,0.0,2020-01-28,,0.0
4.0,Germany,0.0,2020-01-28,,0.0
10.0,Hong Kong,0.0,2020-01-29,,0.0
8.0,Taiwan,0.0,2020-01-29,,0.0
7.0,Macau,0.0,2020-01-29,,0.0
7.0,Japan,0.0,2020-01-29,,1.0
14.0,Thailand,0.0,2020-01-29,,5.0
4.0,South Korea,0.0,2020-01-29,,0.0
7.0,Singapore,0.0,2020-01-29,,0.0
2.0,Vietnam,0.0,2020-01-29,,0.0
5.0,France,0.0,2020-01-29,,0.0
1.0,Nepal,0.0,2020-01-29,,0.0
7.0,Malaysia,0.0,2020-01-29,,0.0
1.0,Cambodia,0.0,2020-01-29,,0.0
1.0,Sri Lanka,0.0,2020-01-29,,0.0
4.0,Germany,0.0,2020-01-29,,0.0
1.0,Finland,0.0,2020-01-29,,0.0
4.0,United Arab Emirates,0.0,2020-01-29,,0.0
10.0,Hong Kong,0.0,2020-01-30,,0.0
9.0,Taiwan,0.0,2020-01-30,,0.0
7.0,Macau,0.0,2020-01-30,,0.0
11.0,Japan,0.0,2020-01-30,,1.0
14.0,Thailand,0.0,2020-01-30,,5.0
4.0,South Korea,0.0,2020-01-30,,0.0
10.0,Singapore,0.0,2020-01-30,,0.0
2.0,Vietnam,0.0,2020-01-30,,0.0
5.0,France,0.0,2020-01-30,,0.0
1.0,Nepal,0.0,2020-01-30,,0.0
8.0,Malaysia,0.0,2020-01-30,,0.0
1.0,Cambodia,0.0,2020-01-30,,0.0
1.0,Sri Lanka,0.0,2020-01-30,,0.0
4.0,Germany,0.0,2020-01-30,,0.0
1.0,Finland,0.0,2020-01-30,,0.0
4.0,United Arab Emirates,0.0,2020-01-30,,0.0
1.0,Philippines,0.0,2020-01-30,,0.0
1.0,India,0.0,2020-01-30,,0.0
12.0,Hong Kong,0.0,2020-01-31,,0.0
15.0,Japan,0.0,2020-01-31,,1.0
13.0,Singapore,0.0,2020-01-31,,0.0
11.0,South Korea,0.0,2020-01-31,,0.0
5.0,France,0.0,2020-01-31,,0.0
5.0,Germany,0.0,2020-01-31,,0.0
2.0,Vietnam,0.0,2020-01-31,,0.0
2.0,UK,0.0,2020-01-31,,0.0
1.0,Philippines,0.0,2020-01-31,,0.0
1.0,Sweden,0.0,2020-01-31,,0.0
16.0,Singapore,0.0,2020-02-01,,0.0
13.0,Hong Kong,0.0,2020-02-01,,0.0
12.0,South Korea,0.0,2020-02-01,,0.0
8.0,Germany,0.0,2020-02-01,,0.0
1.0,Philippines,0.0,2020-02-01,,0.0
10.0,Germany,0.0,2020-02-02,,0.0
2.0,India,0.0,2020-02-02,,0.0
24.0,Singapore,0.0,2020-02-04,,0.0
17.0,Hong Kong,1.0,2020-02-04,,0.0
16.0,South Korea,0.0,2020-02-04,,0.0
10.0,Malaysia,0.0,2020-02-04,,0.0
21.0,Hong Kong,1.0,2020-02-05,,0.0
19.0,South Korea,0.0,2020-02-05,,0.0
45.0,Japan,0.0,2020-02-06,,1.0
24.0,Hong Kong,1.0,2020-02-06,,0.0
23.0,South Korea,0.0,2020-02-06,,0.0
30.0,Singapore,0.0,2020-02-07,,0.0
25.0,Hong Kong,1.0,2020-02-07,,0.0
12.0,Malaysia,0.0,2020-02-07,,1.0
33.0,Singapore,0.0,2020-02-08,,2.0
26.0,Hong Kong,1.0,2020-02-08,,0.0
17.0,Taiwan,0.0,2020-02-08,,1.0
64.0,Others,0.0,2020-02-09,,0.0
40.0,Singapore,0.0,2020-02-09,,2.0
29.0,Hong Kong,1.0,2020-02-09,,0.0
26.0,Japan,0.0,2020-02-09,,1.0
25.0,South Korea,0.0,2020-02-09,,3.0
45.0,Singapore,0.0,2020-02-10,,2.0
38.0,Hong Kong,1.0,2020-02-10,,0.0
27.0,South Korea,0.0,2020-02-10,,3.0
26.0,Japan,0.0,2020-02-10,,4.0
18.0,Malaysia,0.0,2020-02-10,,1.0
14.0,Vietnam,0.0,2020-02-10,,1.0
49.0,Hong Kong,1.0,2020-02-11,,0.0
47.0,Singapore,0.0,2020-02-11,,9.0
28.0,South Korea,0.0,2020-02-11,,3.0
26.0,Japan,0.0,2020-02-11,,9.0
50.0,Hong Kong,1.0,2020-02-12,,1.0
50.0,Singapore,0.0,2020-02-12,,15.0
28.0,Japan,0.0,2020-02-12,,9.0
10.0,Macau,0.0,2020-02-12,,2.0
58.0,Singapore,0.0,2020-02-13,,15.0
53.0,Hong Kong,1.0,2020-02-13,,1.0
28.0,Japan,1.0,2020-02-13,,9.0
218.0,Others,0.0,2020-02-14,,0.0
67.0,Singapore,0.0,2020-02-14,,17.0
29.0,Japan,1.0,2020-02-14,,9.0
18.0,Taiwan,0.0,2020-02-14,,2.0
285.0,Others,0.0,2020-02-15,,0.0
72.0,Singapore,0.0,2020-02-15,,18.0
43.0,Japan,1.0,2020-02-15,,12.0
28.0,South Korea,0.0,2020-02-15,,9.0
18.0,Taiwan,0.0,2020-02-15,,2.0
8.0,United Arab Emirates,0.0,2020-02-15,,3.0
355.0,Others,0.0,2020-02-16,,0.0
75.0,Singapore,0.0,2020-02-16,,18.0
59.0,Japan,1.0,2020-02-16,,12.0
57.0,Hong Kong,1.0,2020-02-16,,2.0
34.0,Thailand,0.0,2020-02-16,,14.0
29.0,South Korea,0.0,2020-02-16,,9.0
20.0,Taiwan,1.0,2020-02-16,,2.0
454.0,Others,0.0,2020-02-17,,0.0
77.0,Singapore,0.0,2020-02-17,,24.0
66.0,Japan,1.0,2020-02-17,,12.0
60.0,Hong Kong,1.0,2020-02-17,,2.0
30.0,South Korea,0.0,2020-02-17,,10.0
542.0,Others,0.0,2020-02-18,,0.0
81.0,Singapore,0.0,2020-02-18,,29.0
74.0,Japan,1.0,2020-02-18,,13.0
62.0,Hong Kong,1.0,2020-02-18,,2.0
22.0,Malaysia,0.0,2020-02-18,,13.0
621.0,Others,0.0,2020-02-19,,1.0
84.0,Japan,1.0,2020-02-19,,18.0
63.0,Hong Kong,2.0,2020-02-19,,5.0
23.0,Taiwan,1.0,2020-02-19,,2.0
2.0,Iran,2.0,2020-02-19,,0.0
104.0,South Korea,1.0,2020-02-20,,16.0
94.0,Japan,1.0,2020-02-20,,18.0
68.0,Hong Kong,2.0,2020-02-20,,6.0
24.0,Taiwan,1.0,2020-02-20,,2.0
5.0,Iran,2.0,2020-02-20,,0.0
204.0,South Korea,2.0,2020-02-21,,16.0
105.0,Japan,1.0,2020-02-21,,22.0
68.0,Hong Kong,2.0,2020-02-21,,5.0
20.0,Italy,1.0,2020-02-21,,0.0
18.0,Iran,4.0,2020-02-21,,0.0
1.0,Israel,0.0,2020-02-21,,0.0
1.0,Lebanon,0.0,2020-02-21,,0.0
433.0,South Korea,2.0,2020-02-22,,16.0
122.0,Japan,1.0,2020-02-22,,22.0
69.0,Hong Kong,2.0,2020-02-22,,6.0
62.0,Italy,2.0,2020-02-22,,1.0
28.0,Iran,5.0,2020-02-22,,0.0
602.0,South Korea,6.0,2020-02-23,,18.0
155.0,Italy,3.0,2020-02-23,,2.0
147.0,Japan,1.0,2020-02-23,,22.0
74.0,Hong Kong,2.0,2020-02-23,,11.0
43.0,Iran,8.0,2020-02-23,,0.0
28.0,Taiwan,1.0,2020-02-23,,2.0
0.0,Iraq,0.0,2020-02-23,,0.0
833.0,South Korea,8.0,2020-02-24,,18.0
229.0,Italy,7.0,2020-02-24,,1.0
159.0,Japan,1.0,2020-02-24,,22.0
79.0,Hong Kong,2.0,2020-02-24,,19.0
61.0,Iran,12.0,2020-02-24,,0.0
30.0,Taiwan,1.0,2020-02-24,,5.0
2.0,Oman,0.0,2020-02-24,,0.0
1.0,Bahrain,0.0,2020-02-24,,0.0
1.0,Kuwait,0.0,2020-02-24,,0.0
977.0,South Korea,10.0,2020-02-25,,22.0
322.0,Italy,10.0,2020-02-25,,1.0
170.0,Japan,1.0,2020-02-25,,22.0
95.0,Iran,16.0,2020-02-25,,0.0
91.0,Singapore,0.0,2020-02-25,,53.0
84.0,Hong Kong,2.0,2020-02-25,,19.0
37.0,Thailand,0.0,2020-02-25,,22.0
31.0,Taiwan,1.0,2020-02-25,,5.0
23.0,Bahrain,0.0,2020-02-25,,0.0
17.0,Germany,0.0,2020-02-25,,14.0
14.0,France,1.0,2020-02-25,,11.0
11.0,Kuwait,0.0,2020-02-25,,0.0
6.0,Spain,0.0,2020-02-25,,2.0
2.0,Austria,0.0,2020-02-25,,0.0
2.0,Oman,0.0,2020-02-25,,0.0
1.0,Croatia,0.0,2020-02-25,,0.0
1261.0,South Korea,12.0,2020-02-26,,22.0
453.0,Italy,12.0,2020-02-26,,3.0
189.0,Japan,2.0,2020-02-26,,22.0
139.0,Iran,19.0,2020-02-26,,49.0
91.0,Hong Kong,2.0,2020-02-26,,24.0
27.0,Germany,0.0,2020-02-26,,15.0
26.0,Kuwait,0.0,2020-02-26,,0.0
18.0,France,2.0,2020-02-26,,11.0
13.0,Spain,0.0,2020-02-26,,2.0
5.0,Iraq,0.0,2020-02-26,,0.0
2.0,Austria,0.0,2020-02-26,,0.0
2.0,Israel,0.0,2020-02-26,,0.0
2.0,Sweden,0.0,2020-02-26,,0.0
1.0,Georgia,0.0,2020-02-26,,0.0
1.0,Greece,0.0,2020-02-26,,0.0
1.0,North Macedonia,0.0,2020-02-26,,0.0
1.0,Norway,0.0,2020-02-26,,0.0
1.0,Romania,0.0,2020-02-26,,0.0
1766.0,South Korea,13.0,2020-02-27,,22.0
655.0,Italy,17.0,2020-02-27,,45.0
245.0,Iran,26.0,2020-02-27,,49.0
214.0,Japan,4.0,2020-02-27,,22.0
92.0,Hong Kong,2.0,2020-02-27,,24.0
46.0,Germany,0.0,2020-02-27,,16.0
43.0,Kuwait,0.0,2020-02-27,,0.0
38.0,France,2.0,2020-02-27,,11.0
15.0,Spain,0.0,2020-02-27,,2.0
15.0,UK,0.0,2020-02-27,,8.0
3.0,Greece,0.0,2020-02-27,,0.0
3.0,Israel,0.0,2020-02-27,,1.0
1.0,Netherlands,0.0,2020-02-27,,0.0
1.0,Norway,0.0,2020-02-27,,0.0
1.0,Romania,0.0,2020-02-27,,0.0
2337.0,South Korea,13.0,2020-02-28,,22.0
888.0,Italy,21.0,2020-02-28,,46.0
705.0,Others,6.0,2020-02-28,,10.0
388.0,Iran,34.0,2020-02-28,,73.0
228.0,Japan,4.0,2020-02-28,,22.0
94.0,Hong Kong,2.0,2020-02-28,,30.0
57.0,France,2.0,2020-02-28,,11.0
48.0,Germany,0.0,2020-02-28,,16.0
41.0,Thailand,0.0,2020-02-28,,28.0
36.0,Bahrain,0.0,2020-02-28,,0.0
34.0,Taiwan,1.0,2020-02-28,,6.0
32.0,Spain,0.0,2020-02-28,,2.0
20.0,UK,0.0,2020-02-28,,8.0
19.0,United Arab Emirates,0.0,2020-02-28,,5.0
6.0,Norway,0.0,2020-02-28,,0.0
5.0,Croatia,0.0,2020-02-28,,0.0
4.0,Israel,0.0,2020-02-28,,1.0
1.0, Azerbaijan,0.0,2020-02-28,,0.0
1.0,Iceland,0.0,2020-02-28,,0.0
1.0,Mexico,0.0,2020-02-28,,0.0
1.0,Netherlands,0.0,2020-02-28,,0.0
1.0,North Ireland,0.0,2020-02-28,,0.0
3150.0,South Korea,16.0,2020-02-29,,27.0
1128.0,Italy,29.0,2020-02-29,,46.0
593.0,Iran,43.0,2020-02-29,,123.0
241.0,Japan,5.0,2020-02-29,,32.0
102.0,Singapore,0.0,2020-02-29,,72.0
100.0,France,2.0,2020-02-29,,12.0
95.0,Hong Kong,2.0,2020-02-29,,33.0
79.0,Germany,0.0,2020-02-29,,16.0
45.0,Spain,0.0,2020-02-29,,2.0
42.0,Thailand,0.0,2020-02-29,,28.0
41.0,Bahrain,0.0,2020-02-29,,0.0
39.0,Taiwan,1.0,2020-02-29,,9.0
25.0,Malaysia,0.0,2020-02-29,,18.0
23.0,UK,0.0,2020-02-29,,8.0
18.0,Switzerland,0.0,2020-02-29,,0.0
15.0,Norway,0.0,2020-02-29,,0.0
13.0,Iraq,0.0,2020-02-29,,0.0
12.0,Sweden,0.0,2020-02-29,,0.0
9.0,Austria,0.0,2020-02-29,,0.0
7.0,Israel,0.0,2020-02-29,,1.0
6.0,Croatia,0.0,2020-02-29,,0.0
6.0,Netherlands,0.0,2020-02-29,,0.0
4.0,Lebanon,0.0,2020-02-29,,0.0
4.0,Mexico,0.0,2020-02-29,,0.0
3.0,Denmark,0.0,2020-02-29,,0.0
3.0,Finland,0.0,2020-02-29,,1.0
1.0,Iceland,0.0,2020-02-29,,0.0
1.0,Ireland,0.0,2020-02-29,,0.0
1.0,Luxembourg,0.0,2020-02-29,,0.0
1.0,Qatar,0.0,2020-02-29,,0.0
3736.0,South Korea,17.0,2020-03-01,,30.0
1694.0,Italy,34.0,2020-03-01,,83.0
978.0,Iran,54.0,2020-03-01,,175.0
256.0,Japan,6.0,2020-03-01,,32.0
130.0,France,2.0,2020-03-01,,12.0
130.0,Germany,0.0,2020-03-01,,16.0
106.0,Singapore,0.0,2020-03-01,,72.0
96.0,Hong Kong,2.0,2020-03-01,,36.0
84.0,Spain,0.0,2020-03-01,,2.0
47.0,Bahrain,0.0,2020-03-01,,0.0
42.0,Thailand,1.0,2020-03-01,,28.0
40.0,Taiwan,1.0,2020-03-01,,9.0
36.0,UK,0.0,2020-03-01,,8.0
27.0,Switzerland,0.0,2020-03-01,,0.0
19.0,Iraq,0.0,2020-03-01,,0.0
19.0,Norway,0.0,2020-03-01,,0.0
14.0,Austria,0.0,2020-03-01,,0.0
14.0,Canada,0.0,2020-03-01,,2.0
14.0,Sweden,0.0,2020-03-01,,0.0
10.0,Lebanon,0.0,2020-03-01,,0.0
10.0,Netherlands,0.0,2020-03-01,,0.0
3.0,Czech Republic,0.0,2020-03-01,,0.0
3.0,Iceland,0.0,2020-03-01,,0.0
2.0,Belgium,0.0,2020-03-01,,1.0
1.0,Dominican Republic,0.0,2020-03-01,,0.0
1.0,San Marino,0.0,2020-03-01,,0.0
4335.0,South Korea,28.0,2020-03-02,,30.0
2036.0,Italy,52.0,2020-03-02,,149.0
1501.0,Iran,66.0,2020-03-02,,291.0
705.0,Others,6.0,2020-03-02,,10.0
274.0,Japan,6.0,2020-03-02,,32.0
191.0,France,3.0,2020-03-02,,12.0
159.0,Germany,0.0,2020-03-02,,16.0
120.0,Spain,0.0,2020-03-02,,2.0
108.0,Singapore,0.0,2020-03-02,,78.0
100.0,Hong Kong,2.0,2020-03-02,,36.0
42.0,Switzerland,0.0,2020-03-02,,0.0
41.0,Taiwan,1.0,2020-03-02,,12.0
40.0,UK,0.0,2020-03-02,,8.0
26.0,Iraq,0.0,2020-03-02,,0.0
25.0,Norway,0.0,2020-03-02,,0.0
18.0,Austria,0.0,2020-03-02,,0.0
18.0,Netherlands,0.0,2020-03-02,,0.0
17.0,Canada,0.0,2020-03-02,,2.0
15.0,Sweden,0.0,2020-03-02,,0.0
8.0,Belgium,0.0,2020-03-02,,1.0
8.0,San Marino,0.0,2020-03-02,,0.0
6.0,Iceland,0.0,2020-03-02,,0.0
3.0,Algeria,0.0,2020-03-02,,0.0
3.0,Czech Republic,0.0,2020-03-02,,0.0
2.0,Portugal,0.0,2020-03-02,,0.0
1.0,Morocco,0.0,2020-03-02,,0.0
1.0,Senegal,0.0,2020-03-02,,0.0
5186.0,South Korea,28.0,2020-03-03,,30.0
2502.0,Italy,79.0,2020-03-03,,160.0
2336.0,Iran,77.0,2020-03-03,,291.0
293.0,Japan,6.0,2020-03-03,,43.0
204.0,France,4.0,2020-03-03,,12.0
196.0,Germany,0.0,2020-03-03,,16.0
165.0,Spain,1.0,2020-03-03,,2.0
100.0,Hong Kong,2.0,2020-03-03,,37.0
56.0,Switzerland,0.0,2020-03-03,,2.0
51.0,UK,0.0,2020-03-03,,8.0
36.0,Malaysia,0.0,2020-03-03,,22.0
32.0,Iraq,0.0,2020-03-03,,0.0
32.0,Norway,0.0,2020-03-03,,0.0
24.0,Netherlands,0.0,2020-03-03,,0.0
21.0,Austria,0.0,2020-03-03,,0.0
21.0,Sweden,0.0,2020-03-03,,0.0
13.0,Belgium,0.0,2020-03-03,,1.0
12.0,Israel,0.0,2020-03-03,,1.0
12.0,Oman,0.0,2020-03-03,,2.0
11.0,Iceland,0.0,2020-03-03,,0.0
10.0,San Marino,1.0,2020-03-03,,0.0
9.0,Croatia,0.0,2020-03-03,,0.0
7.0,Ecuador,0.0,2020-03-03,,0.0
7.0,Qatar,0.0,2020-03-03,,0.0
6.0,Denmark,0.0,2020-03-03,,0.0
5.0,Algeria,0.0,2020-03-03,,0.0
5.0,Czech Republic,0.0,2020-03-03,,0.0
3.0,Romania,0.0,2020-03-03,,0.0
2.0,Ireland,0.0,2020-03-03,,0.0
2.0,Portugal,0.0,2020-03-03,,0.0
2.0,Senegal,0.0,2020-03-03,,0.0
1.0,Argentina,0.0,2020-03-03,,0.0
1.0,Chile,0.0,2020-03-03,,0.0
5621.0,South Korea,35.0,2020-03-04,,41.0
3089.0,Italy,107.0,2020-03-04,,276.0
2922.0,Iran,92.0,2020-03-04,,552.0
331.0,Japan,6.0,2020-03-04,,43.0
285.0,France,4.0,2020-03-04,,12.0
262.0,Germany,0.0,2020-03-04,,16.0
222.0,Spain,2.0,2020-03-04,,2.0
105.0,Hong Kong,2.0,2020-03-04,,37.0
90.0,Switzerland,0.0,2020-03-04,,3.0
85.0,UK,0.0,2020-03-04,,8.0
56.0,Norway,0.0,2020-03-04,,0.0
52.0,Bahrain,0.0,2020-03-04,,0.0
38.0,Netherlands,0.0,2020-03-04,,0.0
35.0,Sweden,0.0,2020-03-04,,0.0
29.0,Austria,0.0,2020-03-04,,0.0
28.0,India,0.0,2020-03-04,,3.0
26.0,Iceland,0.0,2020-03-04,,0.0
23.0,Belgium,0.0,2020-03-04,,1.0
16.0,San Marino,1.0,2020-03-04,,0.0
15.0,Israel,0.0,2020-03-04,,1.0
15.0,Oman,0.0,2020-03-04,,2.0
13.0,Lebanon,0.0,2020-03-04,,1.0
12.0,Canada,0.0,2020-03-04,,3.0
10.0,Ecuador,0.0,2020-03-04,,0.0
9.0,Greece,0.0,2020-03-04,,0.0
8.0,Czech Republic,0.0,2020-03-04,,0.0
5.0,Portugal,0.0,2020-03-04,,0.0
4.0,Romania,0.0,2020-03-04,,1.0
2.0,Hungary,0.0,2020-03-04,,0.0
1.0,Chile,0.0,2020-03-04,,0.0
6088.0,South Korea,35.0,2020-03-05,,41.0
3858.0,Italy,148.0,2020-03-05,,414.0
3513.0,Iran,107.0,2020-03-05,,739.0
482.0,Germany,0.0,2020-03-05,,16.0
377.0,France,6.0,2020-03-05,,12.0
360.0,Japan,6.0,2020-03-05,,43.0
259.0,Spain,3.0,2020-03-05,,2.0
117.0,Singapore,0.0,2020-03-05,,78.0
115.0,UK,1.0,2020-03-05,,8.0
114.0,Switzerland,1.0,2020-03-05,,3.0
105.0,Hong Kong,2.0,2020-03-05,,43.0
94.0,Sweden,0.0,2020-03-05,,0.0
87.0,Norway,0.0,2020-03-05,,0.0
82.0,Netherlands,0.0,2020-03-05,,0.0
55.0,Bahrain,0.0,2020-03-05,,0.0
50.0,Belgium,0.0,2020-03-05,,1.0
47.0,Thailand,1.0,2020-03-05,,31.0
44.0,Taiwan,1.0,2020-03-05,,12.0
41.0,Austria,0.0,2020-03-05,,0.0
34.0,Iceland,0.0,2020-03-05,,0.0
31.0,Greece,0.0,2020-03-05,,0.0
30.0,India,0.0,2020-03-05,,3.0
16.0,Israel,0.0,2020-03-05,,1.0
16.0,Lebanon,0.0,2020-03-05,,1.0
12.0,Czech Republic,0.0,2020-03-05,,0.0
12.0,Finland,0.0,2020-03-05,,1.0
8.0,Portugal,0.0,2020-03-05,,0.0
6.0,Romania,0.0,2020-03-05,,1.0
4.0,Palestine,0.0,2020-03-05,,0.0
4.0,Russia,0.0,2020-03-05,,2.0
3.0,Egypt,0.0,2020-03-05,,1.0
3.0,Estonia,0.0,2020-03-05,,0.0
2.0,Slovenia,0.0,2020-03-05,,0.0
1.0,South Africa,0.0,2020-03-05,,0.0
6593.0,South Korea,42.0,2020-03-06,,135.0
4747.0,Iran,124.0,2020-03-06,,913.0
4636.0,Italy,197.0,2020-03-06,,523.0
670.0,Germany,0.0,2020-03-06,,17.0
653.0,France,9.0,2020-03-06,,12.0
420.0,Japan,6.0,2020-03-06,,46.0
400.0,Spain,5.0,2020-03-06,,2.0
214.0,Switzerland,1.0,2020-03-06,,3.0
163.0,UK,2.0,2020-03-06,,8.0
130.0,Singapore,0.0,2020-03-06,,78.0
128.0,Netherlands,1.0,2020-03-06,,0.0
109.0,Belgium,0.0,2020-03-06,,1.0
108.0,Norway,0.0,2020-03-06,,0.0
107.0,Hong Kong,2.0,2020-03-06,,46.0
101.0,Sweden,0.0,2020-03-06,,0.0
83.0,Malaysia,0.0,2020-03-06,,22.0
60.0,Bahrain,0.0,2020-03-06,,4.0
55.0,Austria,0.0,2020-03-06,,0.0
48.0,Thailand,1.0,2020-03-06,,31.0
45.0,Greece,0.0,2020-03-06,,0.0
43.0,Iceland,0.0,2020-03-06,,0.0
40.0,Iraq,3.0,2020-03-06,,0.0
31.0,India,0.0,2020-03-06,,3.0
18.0,Czech Republic,0.0,2020-03-06,,0.0
16.0,Palestine,0.0,2020-03-06,,0.0
13.0,Portugal,0.0,2020-03-06,,0.0
11.0,Croatia,0.0,2020-03-06,,0.0
9.0,Romania,0.0,2020-03-06,,1.0
5.0,Philippines,1.0,2020-03-06,,1.0
4.0,New Zealand,0.0,2020-03-06,,0.0
2.0,Argentina,0.0,2020-03-06,,0.0
1.0,Colombia,0.0,2020-03-06,,0.0
1.0,Costa Rica,0.0,2020-03-06,,0.0
1.0,Togo,0.0,2020-03-06,,0.0
7041.0,South Korea,44.0,2020-03-07,,135.0
5883.0,Italy,233.0,2020-03-07,,589.0
5823.0,Iran,145.0,2020-03-07,,1669.0
949.0,France,11.0,2020-03-07,,12.0
799.0,Germany,0.0,2020-03-07,,18.0
500.0,Spain,10.0,2020-03-07,,30.0
461.0,Japan,6.0,2020-03-07,,76.0
268.0,Switzerland,1.0,2020-03-07,,3.0
206.0,UK,2.0,2020-03-07,,18.0
188.0,Netherlands,1.0,2020-03-07,,0.0
169.0,Belgium,0.0,2020-03-07,,1.0
161.0,Sweden,0.0,2020-03-07,,0.0
147.0,Norway,0.0,2020-03-07,,0.0
138.0,Singapore,0.0,2020-03-07,,78.0
108.0,Hong Kong,2.0,2020-03-07,,51.0
93.0,Malaysia,0.0,2020-03-07,,23.0
79.0,Austria,0.0,2020-03-07,,0.0
61.0,Kuwait,0.0,2020-03-07,,0.0
54.0,Iraq,4.0,2020-03-07,,0.0
46.0,Greece,0.0,2020-03-07,,0.0
34.0,India,0.0,2020-03-07,,3.0
23.0,San Marino,1.0,2020-03-07,,0.0
20.0,Portugal,0.0,2020-03-07,,0.0
19.0,Czech Republic,0.0,2020-03-07,,0.0
18.0,Vietnam,0.0,2020-03-07,,16.0
9.0,Romania,0.0,2020-03-07,,3.0
8.0,Argentina,0.0,2020-03-07,,0.0
6.0,Philippines,1.0,2020-03-07,,1.0
4.0,Hungary,0.0,2020-03-07,,0.0
3.0,Malta,0.0,2020-03-07,,0.0
1.0,Costa Rica,0.0,2020-03-07,,0.0
7375.0,Italy,366.0,2020-03-08,,622.0
7314.0,South Korea,50.0,2020-03-08,,118.0
6566.0,Iran,194.0,2020-03-08,,2134.0
1126.0,France,19.0,2020-03-08,,12.0
1040.0,Germany,0.0,2020-03-08,,18.0
673.0,Spain,17.0,2020-03-08,,30.0
502.0,Japan,6.0,2020-03-08,,76.0
337.0,Switzerland,2.0,2020-03-08,,3.0
273.0,UK,3.0,2020-03-08,,18.0
265.0,Netherlands,3.0,2020-03-08,,0.0
203.0,Sweden,0.0,2020-03-08,,0.0
200.0,Belgium,0.0,2020-03-08,,1.0
176.0,Norway,0.0,2020-03-08,,0.0
114.0,Hong Kong,3.0,2020-03-08,,58.0
104.0,Austria,0.0,2020-03-08,,0.0
99.0,Malaysia,0.0,2020-03-08,,24.0
60.0,Iraq,6.0,2020-03-08,,0.0
49.0,Egypt,1.0,2020-03-08,,1.0
45.0,Taiwan,1.0,2020-03-08,,13.0
39.0,India,0.0,2020-03-08,,3.0
35.0,Denmark,0.0,2020-03-08,,1.0
23.0,Finland,0.0,2020-03-08,,1.0
21.0,Republic of Ireland,0.0,2020-03-08,,0.0
20.0,Brazil,0.0,2020-03-08,,0.0
19.0,Algeria,0.0,2020-03-08,,0.0
19.0,Ireland,0.0,2020-03-08,,0.0
15.0,Qatar,0.0,2020-03-08,,0.0
14.0,Ecuador,0.0,2020-03-08,,0.0
13.0,Georgia,0.0,2020-03-08,,0.0
11.0,Poland,0.0,2020-03-08,,0.0
11.0,Saudi Arabia,0.0,2020-03-08,,0.0
10.0,Philippines,1.0,2020-03-08,,1.0
7.0,Hungary,0.0,2020-03-08,,0.0
6.0,Indonesia,0.0,2020-03-08,,0.0
6.0,Peru,0.0,2020-03-08,,0.0
5.0,Costa Rica,0.0,2020-03-08,,0.0
4.0,Bulgaria,0.0,2020-03-08,,0.0
2.0,Latvia,0.0,2020-03-08,,0.0
1.0,Moldova,0.0,2020-03-08,,0.0
9172.0,Italy,463.0,2020-03-09,,724.0
7478.0,South Korea,53.0,2020-03-09,,118.0
7161.0,Iran,237.0,2020-03-09,,2394.0
1209.0,France,19.0,2020-03-09,,12.0
1176.0,Germany,2.0,2020-03-09,,18.0
1073.0,Spain,28.0,2020-03-09,,32.0
511.0,Japan,17.0,2020-03-09,,76.0
374.0,Switzerland,2.0,2020-03-09,,3.0
321.0,Netherlands,3.0,2020-03-09,,0.0
321.0,UK,4.0,2020-03-09,,18.0
248.0,Sweden,0.0,2020-03-09,,1.0
239.0,Belgium,0.0,2020-03-09,,1.0
205.0,Norway,0.0,2020-03-09,,1.0
131.0,Austria,0.0,2020-03-09,,2.0
117.0,Malaysia,0.0,2020-03-09,,24.0
115.0,Hong Kong,3.0,2020-03-09,,59.0
95.0,Bahrain,0.0,2020-03-09,,14.0
90.0,Denmark,0.0,2020-03-09,,1.0
60.0,Iraq,6.0,2020-03-09,,9.0
58.0,Iceland,0.0,2020-03-09,,0.0
55.0,Egypt,1.0,2020-03-09,,12.0
45.0,Taiwan,1.0,2020-03-09,,15.0
43.0,India,0.0,2020-03-09,,3.0
30.0,Finland,0.0,2020-03-09,,1.0
25.0,Brazil,0.0,2020-03-09,,0.0
21.0,Ireland,0.0,2020-03-09,,0.0
20.0,Philippines,1.0,2020-03-09,,1.0
19.0,Indonesia,0.0,2020-03-09,,0.0
18.0,Qatar,0.0,2020-03-09,,0.0
16.0,Poland,0.0,2020-03-09,,0.0
15.0,Saudi Arabia,0.0,2020-03-09,,0.0
7.0,Peru,0.0,2020-03-09,,0.0
6.0,Belarus,0.0,2020-03-09,,1.0
6.0,Latvia,0.0,2020-03-09,,0.0
2.0,Albania,0.0,2020-03-09,,0.0
2.0,Cyprus,0.0,2020-03-09,,0.0
2.0,St. Martin,0.0,2020-03-09,,0.0
1.0,Brunei,0.0,2020-03-09,,0.0
1.0,Moldova,0.0,2020-03-09,,0.0
10149.0,Italy,631.0,2020-03-10,,724.0
8042.0,Iran (Islamic Republic of),291.0,2020-03-10,,2731.0
7513.0,Republic of Korea,54.0,2020-03-10,,247.0
1784.0,France,33.0,2020-03-10,,12.0
1695.0,Spain,35.0,2020-03-10,,32.0
1457.0,Germany,2.0,2020-03-10,,18.0
581.0,Japan,10.0,2020-03-10,,101.0
491.0,Switzerland,3.0,2020-03-10,,3.0
400.0,Norway,0.0,2020-03-10,,1.0
382.0,Netherlands,4.0,2020-03-10,,0.0
382.0,UK,6.0,2020-03-10,,18.0
355.0,Sweden,0.0,2020-03-10,,1.0
267.0,Belgium,0.0,2020-03-10,,1.0
262.0,Denmark,0.0,2020-03-10,,1.0
182.0,Austria,0.0,2020-03-10,,4.0
160.0,Singapore,0.0,2020-03-10,,78.0
129.0,Malaysia,0.0,2020-03-10,,24.0
120.0,Hong Kong SAR,3.0,2020-03-10,,65.0
110.0,Bahrain,0.0,2020-03-10,,22.0
89.0,Greece,0.0,2020-03-10,,0.0
74.0,United Arab Emirates,0.0,2020-03-10,,12.0
71.0,Iraq,7.0,2020-03-10,,3.0
69.0,Iceland,0.0,2020-03-10,,1.0
69.0,Kuwait,0.0,2020-03-10,,1.0
59.0,Egypt,1.0,2020-03-10,,1.0
58.0,Israel,0.0,2020-03-10,,4.0
56.0,India,0.0,2020-03-10,,4.0
53.0,Thailand,1.0,2020-03-10,,33.0
51.0,San Marino,2.0,2020-03-10,,0.0
47.0,Taipei and environs,1.0,2020-03-10,,17.0
41.0,Czech Republic,0.0,2020-03-10,,0.0
41.0,Lebanon,1.0,2020-03-10,,1.0
41.0,Portugal,0.0,2020-03-10,,0.0
40.0,Finland,0.0,2020-03-10,,1.0
34.0,Ireland,0.0,2020-03-10,,0.0
33.0,Philippines,1.0,2020-03-10,,2.0
31.0,Brazil,0.0,2020-03-10,,0.0
31.0,Slovenia,0.0,2020-03-10,,0.0
31.0,Viet Nam,0.0,2020-03-10,,16.0
27.0,Indonesia,0.0,2020-03-10,,2.0
25.0,Romania,0.0,2020-03-10,,3.0
25.0,occupied Palestinian territory,0.0,2020-03-10,,0.0
24.0,Qatar,0.0,2020-03-10,,0.0
22.0,Poland,0.0,2020-03-10,,0.0
20.0,Saudi Arabia,0.0,2020-03-10,,1.0
17.0,Argentina,1.0,2020-03-10,,0.0
16.0,Pakistan,0.0,2020-03-10,,1.0
14.0,Croatia,0.0,2020-03-10,,0.0
13.0,Chile,0.0,2020-03-10,,0.0
12.0,Estonia,0.0,2020-03-10,,0.0
11.0,Azerbaijan,0.0,2020-03-10,,0.0
10.0,Albania,0.0,2020-03-10,,0.0
10.0,Macao SAR,0.0,2020-03-10,,10.0
10.0,Russian Federation,0.0,2020-03-10,,3.0
8.0,Latvia,0.0,2020-03-10,,1.0
7.0,Mexico,0.0,2020-03-10,,4.0
7.0,Slovakia,0.0,2020-03-10,,0.0
7.0,South Africa,0.0,2020-03-10,,0.0
6.0,Maldives,0.0,2020-03-10,,0.0
5.0,Afghanistan,0.0,2020-03-10,,0.0
5.0,Bosnia and Herzegovina,0.0,2020-03-10,,0.0
5.0,Luxembourg,0.0,2020-03-10,,0.0
5.0,Malta,0.0,2020-03-10,,0.0
5.0,Serbia,0.0,2020-03-10,,0.0
5.0,Tunisia,0.0,2020-03-10,,0.0
3.0,Colombia,0.0,2020-03-10,,0.0
3.0,Cyprus,0.0,2020-03-10,,0.0
3.0,Morocco,1.0,2020-03-10,,0.0
3.0,Republic of Moldova,0.0,2020-03-10,,0.0
2.0,Saint Martin,0.0,2020-03-10,,0.0
1.0,Brunei,0.0,2020-03-10,,0.0
1.0,Burkina Faso,0.0,2020-03-10,,0.0
1.0,Channel Islands,0.0,2020-03-10,,0.0
1.0,Gibraltar,0.0,2020-03-10,,1.0
1.0,Panama,0.0,2020-03-10,,0.0
1.0,Sri Lanka,0.0,2020-03-10,,1.0
10075.0,Iran,429.0,2020-03-12,,2959.0
7869.0,"Korea, South",66.0,2020-03-12,,333.0
2277.0,Spain,55.0,2020-03-12,,183.0
2078.0,Germany,3.0,2020-03-12,,25.0
702.0,Norway,0.0,2020-03-12,,1.0
639.0,Japan,16.0,2020-03-12,,118.0
615.0,Denmark,0.0,2020-03-12,,1.0
599.0,Sweden,1.0,2020-03-12,,1.0
302.0,Austria,1.0,2020-03-12,,4.0
131.0,Israel,0.0,2020-03-12,,4.0
103.0,Iceland,0.0,2020-03-12,,1.0
94.0,Czechia,0.0,2020-03-12,,0.0
89.0,Slovenia,0.0,2020-03-12,,0.0
85.0,United Arab Emirates,0.0,2020-03-12,,17.0
80.0,Kuwait,0.0,2020-03-12,,5.0
73.0,India,1.0,2020-03-12,,4.0
71.0,Iraq,8.0,2020-03-12,,15.0
70.0,Thailand,1.0,2020-03-12,,34.0
69.0,San Marino,3.0,2020-03-12,,0.0
67.0,Egypt,1.0,2020-03-12,,27.0
61.0,Lebanon,3.0,2020-03-12,,1.0
52.0,Brazil,0.0,2020-03-12,,0.0
52.0,Philippines,2.0,2020-03-12,,2.0
49.0,Poland,1.0,2020-03-12,,0.0
49.0,Romania,0.0,2020-03-12,,6.0
49.0,Taiwan*,1.0,2020-03-12,,20.0
45.0,Saudi Arabia,0.0,2020-03-12,,1.0
39.0,Vietnam,0.0,2020-03-12,,16.0
28.0,Russia,0.0,2020-03-12,,3.0
24.0,Algeria,1.0,2020-03-12,,8.0
23.0,Albania,1.0,2020-03-12,,0.0
22.0,Costa Rica,0.0,2020-03-12,,0.0
20.0,Pakistan,0.0,2020-03-12,,2.0
19.0,Luxembourg,0.0,2020-03-12,,0.0
19.0,Serbia,0.0,2020-03-12,,0.0
17.0,South Africa,0.0,2020-03-12,,0.0
16.0,Slovakia,0.0,2020-03-12,,0.0
15.0,Peru,0.0,2020-03-12,,0.0
12.0,Belarus,0.0,2020-03-12,,3.0
12.0,Mexico,0.0,2020-03-12,,4.0
11.0,Bosnia and Herzegovina,0.0,2020-03-12,,0.0
11.0,Panama,1.0,2020-03-12,,0.0
6.0,Morocco,1.0,2020-03-12,,0.0
4.0,Armenia,0.0,2020-03-12,,0.0
3.0,Cuba,0.0,2020-03-12,,0.0
2.0,Jamaica,0.0,2020-03-12,,0.0
2.0,Monaco,0.0,2020-03-12,,0.0
1.0,Andorra,0.0,2020-03-12,,1.0
1.0,Cote d'Ivoire,0.0,2020-03-12,,0.0
1.0,Guyana,1.0,2020-03-12,,0.0
1.0,Nepal,0.0,2020-03-11,,1.0
26.0,Algeria,2.0,2020-03-11,,8.0
19.0,Oman,0.0,2020-03-11,,9.0
3.0,Ukraine,1.0,2020-03-11,,0.0
3.0,Bangladesh,0.0,2020-03-11,,0.0
14.0,North Macedonia,0.0,2020-03-11,,1.0
4.0,Cuba,0.0,2020-03-11,,0.0
2.0,Nigeria,0.0,2020-03-11,,0.0
5.0,New Zealand,0.0,2020-03-11,,0.0
27.0,Belarus,0.0,2020-03-11,,3.0
8.0,Armenia,0.0,2020-03-11,,0.0
4.0,Kazakhstan,0.0,2020-03-11,,0.0
1.0,Cayman Islands,0.0,2020-03-11,,0.0
1.0,Guadeloupe,0.0,2020-03-11,,0.0
5.0,Dominican Republic,0.0,2020-03-11,,0.0
10.0,Senegal,0.0,2020-03-11,,1.0
1.0,Ethiopia,0.0,2020-03-11,,0.0
1.0,Sudan,1.0,2020-03-11,,0.0
1.0,Andorra,0.0,2020-03-11,,0.0
1.0,Guinea,0.0,2020-03-11,,0.0
1.0,Antigua and Barbuda,0.0,2020-03-11,,0.0
2.0,Aruba,0.0,2020-03-11,,0.0
1.0,Jordan,0.0,2020-03-11,,1.0
1.0,Kenya,0.0,2020-03-11,,0.0
1.0,Bhutan,0.0,2020-03-11,,0.0
1.0,Holy See,0.0,2020-03-11,,0.0
2.0,Cameroon,0.0,2020-03-11,,0.0
1.0,Togo,0.0,2020-03-11,,0.0
28.0,Peru,0.0,2020-03-11,,0.0
5.0,French Guiana,0.0,2020-03-11,,0.0
1.0,Mongolia,0.0,2020-03-11,,0.0
2.0,Monaco,0.0,2020-03-11,,0.0
1.0,Liechtenstein,0.0,2020-03-11,,0.0
1.0,Guyana,1.0,2020-03-11,,0.0
12729.0,Iran,611.0,2020-03-14,,2959.0
8086.0,"Korea, South",72.0,2020-03-14,,510.0
6391.0,Spain,195.0,2020-03-14,,517.0
4585.0,Germany,9.0,2020-03-14,,46.0
1359.0,Switzerland,13.0,2020-03-14,,4.0
1090.0,Norway,3.0,2020-03-14,,1.0
961.0,Sweden,2.0,2020-03-14,,1.0
959.0,Netherlands,12.0,2020-03-14,,2.0
689.0,Belgium,4.0,2020-03-14,,1.0
655.0,Austria,1.0,2020-03-14,,6.0
238.0,Malaysia,0.0,2020-03-14,,35.0
228.0,Greece,3.0,2020-03-14,,8.0
225.0,Finland,0.0,2020-03-14,,1.0
212.0,Singapore,0.0,2020-03-14,,105.0
193.0,Israel,0.0,2020-03-14,,4.0
189.0,Czechia,0.0,2020-03-14,,0.0
181.0,Slovenia,1.0,2020-03-14,,0.0
169.0,Portugal,0.0,2020-03-14,,2.0
156.0,Iceland,0.0,2020-03-14,,1.0
151.0,Brazil,0.0,2020-03-13,,0.0
123.0,Romania,0.0,2020-03-14,,9.0
115.0,Estonia,0.0,2020-03-14,,0.0
111.0,Philippines,8.0,2020-03-14,,2.0
109.0,Egypt,2.0,2020-03-14,,27.0
104.0,Kuwait,0.0,2020-03-14,,5.0
103.0,Poland,3.0,2020-03-14,,0.0
102.0,India,2.0,2020-03-14,,4.0
96.0,Indonesia,5.0,2020-03-14,,8.0
93.0,Lebanon,3.0,2020-03-14,,1.0
85.0,United Arab Emirates,0.0,2020-03-13,,17.0
82.0,Thailand,1.0,2020-03-14,,35.0
80.0,San Marino,5.0,2020-03-14,,4.0
59.0,Russia,0.0,2020-03-14,,8.0
53.0,Taiwan*,1.0,2020-03-14,,20.0
53.0,Vietnam,0.0,2020-03-14,,16.0
51.0,Luxembourg,1.0,2020-03-14,,0.0
44.0,Slovakia,0.0,2020-03-14,,0.0
41.0,Bulgaria,2.0,2020-03-14,,0.0
40.0,Brunei,0.0,2020-03-14,,0.0
38.0,Albania,1.0,2020-03-14,,0.0
38.0,Croatia,0.0,2020-03-14,,1.0
38.0,Peru,0.0,2020-03-14,,0.0
38.0,South Africa,0.0,2020-03-14,,0.0
37.0,Algeria,3.0,2020-03-14,,12.0
36.0,Panama,1.0,2020-03-14,,0.0
34.0,Argentina,2.0,2020-03-14,,1.0
31.0,Pakistan,0.0,2020-03-14,,2.0
30.0,Hungary,0.0,2020-03-14,,1.0
26.0,Costa Rica,0.0,2020-03-14,,0.0
26.0,Latvia,0.0,2020-03-14,,1.0
26.0,Mexico,0.0,2020-03-14,,4.0
22.0,Colombia,0.0,2020-03-14,,0.0
19.0,Oman,0.0,2020-03-13,,9.0
18.0,Armenia,0.0,2020-03-14,,0.0
18.0,Bosnia and Herzegovina,0.0,2020-03-14,,0.0
18.0,Malta,0.0,2020-03-14,,1.0
17.0,Canada,0.0,2020-03-13,,0.0
17.0,Morocco,1.0,2020-03-14,,1.0
11.0,Afghanistan,0.0,2020-03-14,,0.0
10.0,Maldives,0.0,2020-03-14,,0.0
10.0,Sri Lanka,0.0,2020-03-14,,1.0
8.0,Lithuania,0.0,2020-03-14,,0.0
6.0,Kazakhstan,0.0,2020-03-14,,0.0
6.0,New Zealand,0.0,2020-03-14,,0.0
6.0,Reunion,0.0,2020-03-14,,0.0
5.0,Turkey,0.0,2020-03-13,,0.0
3.0,Bangladesh,0.0,2020-03-13,,0.0
3.0,Ghana,0.0,2020-03-14,,0.0
2.0,Honduras,0.0,2020-03-13,,0.0
2.0,Seychelles,0.0,2020-03-14,,0.0
2.0,Venezuela,0.0,2020-03-14,,0.0
1.0,Antigua and Barbuda,0.0,2020-03-13,,0.0
1.0,Eswatini,0.0,2020-03-14,,0.0
1.0,Guinea,0.0,2020-03-13,,0.0
1.0,Guyana,1.0,2020-03-14,,0.0
1.0,Jordan,0.0,2020-03-14,,1.0
1.0,Mauritania,0.0,2020-03-14,,0.0
1.0,Rwanda,0.0,2020-03-14,,0.0
13938.0,Iran,724.0,2020-03-15,,4590.0
8162.0,"Korea, South",75.0,2020-03-15,,510.0
7798.0,Spain,289.0,2020-03-15,,517.0
5795.0,Germany,11.0,2020-03-15,,46.0
1221.0,Norway,3.0,2020-03-15,,1.0
1135.0,Netherlands,20.0,2020-03-15,,2.0
1022.0,Sweden,3.0,2020-03-15,,1.0
886.0,Belgium,4.0,2020-03-15,,1.0
860.0,Austria,1.0,2020-03-15,,6.0
428.0,Malaysia,0.0,2020-03-15,,42.0
245.0,Portugal,0.0,2020-03-15,,2.0
244.0,Finland,0.0,2020-03-15,,10.0
253.0,Czechia,0.0,2020-03-15,,0.0
331.0,Greece,4.0,2020-03-15,,8.0
226.0,Singapore,0.0,2020-03-15,,105.0
219.0,Slovenia,1.0,2020-03-15,,0.0
251.0,Israel,0.0,2020-03-15,,4.0
162.0,Brazil,0.0,2020-03-15,,0.0
171.0,Iceland,5.0,2020-03-15,,8.0
140.0,Philippines,11.0,2020-03-15,,2.0
171.0,Estonia,0.0,2020-03-15,,1.0
131.0,Romania,0.0,2020-03-15,,9.0
119.0,Poland,3.0,2020-03-15,,0.0
117.0,Indonesia,5.0,2020-03-15,,8.0
114.0,Thailand,1.0,2020-03-15,,35.0
113.0,India,2.0,2020-03-15,,13.0
112.0,Kuwait,0.0,2020-03-15,,5.0
110.0,Egypt,2.0,2020-03-15,,21.0
110.0,Lebanon,3.0,2020-03-15,,1.0
101.0,San Marino,5.0,2020-03-15,,4.0
98.0,United Arab Emirates,0.0,2020-03-15,,23.0
63.0,Russia,0.0,2020-03-15,,8.0
59.0,Luxembourg,1.0,2020-03-15,,0.0
59.0,Taiwan*,1.0,2020-03-15,,20.0
56.0,Vietnam,0.0,2020-03-15,,16.0
54.0,Slovakia,0.0,2020-03-15,,0.0
53.0,Pakistan,0.0,2020-03-15,,2.0
51.0,South Africa,0.0,2020-03-15,,0.0
50.0,Brunei,0.0,2020-03-15,,0.0
49.0,Croatia,0.0,2020-03-15,,1.0
48.0,Algeria,4.0,2020-03-15,,12.0
45.0,Argentina,2.0,2020-03-15,,1.0
51.0,Bulgaria,2.0,2020-03-15,,0.0
43.0,Panama,1.0,2020-03-15,,0.0
43.0,Peru,0.0,2020-03-15,,0.0
42.0,Albania,1.0,2020-03-15,,0.0
41.0,Mexico,0.0,2020-03-15,,4.0
34.0,Colombia,0.0,2020-03-15,,0.0
32.0,Hungary,1.0,2020-03-15,,1.0
30.0,Latvia,0.0,2020-03-15,,1.0
28.0,Morocco,1.0,2020-03-15,,1.0
27.0,Costa Rica,0.0,2020-03-15,,0.0
26.0,Armenia,0.0,2020-03-15,,0.0
24.0,Bosnia and Herzegovina,0.0,2020-03-15,,0.0
21.0,Malta,0.0,2020-03-15,,1.0
22.0,Oman,0.0,2020-03-15,,9.0
16.0,Afghanistan,0.0,2020-03-15,,0.0
12.0,Lithuania,0.0,2020-03-15,,1.0
18.0,Sri Lanka,0.0,2020-03-15,,1.0
9.0,Kazakhstan,0.0,2020-03-15,,0.0
10.0,Venezuela,0.0,2020-03-15,,0.0
8.0,Jordan,0.0,2020-03-15,,1.0
7.0,Reunion,0.0,2020-03-15,,0.0
6.0,Turkey,0.0,2020-03-15,,0.0
5.0,Bangladesh,0.0,2020-03-15,,0.0
3.0,Honduras,0.0,2020-03-15,,0.0
3.0,United Kingdom,0.0,2020-03-15,,0.0
2.0,Seychelles,0.0,2020-03-15,,0.0
1.0,Central African Republic,0.0,2020-03-15,,0.0
1.0,Congo (Brazzaville),0.0,2020-03-15,,0.0
1.0,Rwanda,0.0,2020-03-15,,0.0
1.0,Uzbekistan,0.0,2020-03-15,,0.0
27980.0,Italy,2158.0,2020-03-16,,2749.0
14991.0,Iran,853.0,2020-03-16,,4590.0
9942.0,Spain,342.0,2020-03-16,,530.0
8236.0,"Korea, South",75.0,2020-03-16,,1137.0
7272.0,Germany,17.0,2020-03-16,,67.0
1333.0,Norway,3.0,2020-03-16,,1.0
1103.0,Sweden,6.0,2020-03-16,,1.0
1058.0,Belgium,5.0,2020-03-16,,1.0
1018.0,Austria,3.0,2020-03-16,,6.0
825.0,Japan,27.0,2020-03-16,,144.0
566.0,Malaysia,0.0,2020-03-16,,42.0
439.0,Qatar,0.0,2020-03-16,,4.0
331.0,Greece,4.0,2020-03-16,,8.0
331.0,Portugal,0.0,2020-03-16,,3.0
298.0,Czechia,0.0,2020-03-16,,3.0
277.0,Finland,0.0,2020-03-16,,10.0
255.0,Israel,0.0,2020-03-16,,4.0
253.0,Slovenia,1.0,2020-03-16,,0.0
243.0,Singapore,0.0,2020-03-16,,109.0
214.0,Bahrain,1.0,2020-03-16,,77.0
205.0,Estonia,0.0,2020-03-16,,1.0
200.0,Brazil,0.0,2020-03-16,,1.0
180.0,Iceland,0.0,2020-03-16,,0.0
177.0,Poland,4.0,2020-03-16,,13.0
169.0,Ireland,2.0,2020-03-16,,0.0
158.0,Romania,0.0,2020-03-16,,9.0
155.0,Chile,0.0,2020-03-16,,0.0
150.0,Egypt,2.0,2020-03-16,,27.0
147.0,Thailand,1.0,2020-03-16,,35.0
142.0,Philippines,12.0,2020-03-16,,2.0
136.0,Pakistan,0.0,2020-03-16,,2.0
134.0,Indonesia,5.0,2020-03-16,,8.0
124.0,Iraq,10.0,2020-03-16,,26.0
123.0,Kuwait,0.0,2020-03-16,,9.0
119.0,India,2.0,2020-03-16,,13.0
118.0,Saudi Arabia,0.0,2020-03-16,,2.0
109.0,San Marino,7.0,2020-03-16,,4.0
99.0,Lebanon,3.0,2020-03-16,,1.0
98.0,United Arab Emirates,0.0,2020-03-16,,23.0
90.0,Russia,0.0,2020-03-16,,8.0
86.0,Peru,0.0,2020-03-16,,0.0
77.0,Luxembourg,1.0,2020-03-16,,0.0
67.0,Taiwan*,1.0,2020-03-16,,20.0
63.0,Slovakia,0.0,2020-03-16,,0.0
62.0,South Africa,0.0,2020-03-16,,0.0
61.0,Vietnam,0.0,2020-03-16,,16.0
57.0,Croatia,0.0,2020-03-16,,2.0
56.0,Argentina,2.0,2020-03-16,,1.0
55.0,Panama,1.0,2020-03-16,,0.0
55.0,Serbia,0.0,2020-03-16,,1.0
54.0,Algeria,4.0,2020-03-16,,12.0
54.0,Brunei,0.0,2020-03-16,,0.0
54.0,Colombia,0.0,2020-03-16,,0.0
53.0,Mexico,0.0,2020-03-16,,4.0
52.0,Armenia,0.0,2020-03-16,,0.0
52.0,Bulgaria,2.0,2020-03-16,,0.0
51.0,Albania,1.0,2020-03-16,,0.0
39.0,Hungary,1.0,2020-03-16,,1.0
37.0,Ecuador,2.0,2020-03-16,,0.0
36.0,Belarus,0.0,2020-03-16,,3.0
35.0,Costa Rica,0.0,2020-03-16,,0.0
34.0,Latvia,0.0,2020-03-16,,1.0
33.0,Cyprus,0.0,2020-03-16,,0.0
33.0,Georgia,0.0,2020-03-16,,1.0
30.0,Malta,0.0,2020-03-16,,2.0
29.0,Morocco,1.0,2020-03-16,,1.0
28.0,Sri Lanka,0.0,2020-03-16,,1.0
25.0,Bosnia and Herzegovina,0.0,2020-03-16,,0.0
24.0,Senegal,0.0,2020-03-16,,2.0
23.0,Moldova,0.0,2020-03-16,,0.0
22.0,Oman,0.0,2020-03-16,,9.0
21.0,Afghanistan,0.0,2020-03-16,,1.0
20.0,Tunisia,0.0,2020-03-16,,0.0
18.0,North Macedonia,0.0,2020-03-16,,1.0
18.0,Turkey,0.0,2020-03-16,,0.0
17.0,Jordan,0.0,2020-03-16,,1.0
17.0,Lithuania,0.0,2020-03-16,,1.0
17.0,Venezuela,0.0,2020-03-16,,0.0
15.0,Azerbaijan,1.0,2020-03-16,,6.0
15.0,Burkina Faso,0.0,2020-03-16,,0.0
15.0,Martinique,1.0,2020-03-16,,0.0
11.0,Bolivia,0.0,2020-03-16,,0.0
11.0,French Guiana,0.0,2020-03-16,,0.0
10.0,Jamaica,0.0,2020-03-16,,2.0
10.0,Kazakhstan,0.0,2020-03-16,,0.0
9.0,Reunion,0.0,2020-03-16,,0.0
8.0,Bangladesh,0.0,2020-03-16,,2.0
8.0,Paraguay,0.0,2020-03-16,,0.0
8.0,Uruguay,0.0,2020-03-16,,0.0
7.0,Monaco,0.0,2020-03-16,,0.0
7.0,Ukraine,1.0,2020-03-16,,0.0
6.0,Guadeloupe,0.0,2020-03-16,,0.0
6.0,Honduras,0.0,2020-03-16,,0.0
6.0,Uzbekistan,0.0,2020-03-16,,0.0
5.0,Ethiopia,0.0,2020-03-16,,0.0
5.0,Rwanda,0.0,2020-03-16,,0.0
4.0,Cameroon,0.0,2020-03-16,,0.0
4.0,Trinidad and Tobago,0.0,2020-03-16,,0.0
3.0,Guam,0.0,2020-03-16,,0.0
3.0,Kenya,0.0,2020-03-16,,0.0
3.0,Puerto Rico,0.0,2020-03-16,,0.0
3.0,Seychelles,0.0,2020-03-16,,0.0
2.0,Andorra,0.0,2020-03-16,,1.0
2.0,Guatemala,1.0,2020-03-16,,0.0
2.0,Saint Lucia,0.0,2020-03-16,,0.0
1.0,Benin,0.0,2020-03-16,,0.0
1.0,Central African Republic,0.0,2020-03-16,,0.0
1.0,Congo (Brazzaville),0.0,2020-03-16,,0.0
1.0,Greenland,0.0,2020-03-16,,0.0
1.0,Liberia,0.0,2020-03-16,,0.0
1.0,Mayotte,0.0,2020-03-16,,0.0
1.0,Republic of the Congo,0.0,2020-03-16,,0.0
1.0,Somalia,0.0,2020-03-16,,0.0
1.0,Tanzania,0.0,2020-03-16,,0.0
1.0,The Bahamas,0.0,2020-03-16,,0.0
