,country,alpha-2,date,cumsum_cases,cumsum_deaths,alpha-3,population,cases_by_million
4464,San_Marino,SM,2020-01-22,0,0,SMR,33785.0,0.0
3783,North_Macedonia,MK,2020-01-22,0,0,MKD,2082958.0,0.0
4303,Romania,RO,2020-01-22,0,0,ROU,19473936.0,0.0
4377,Russia,RU,2020-01-22,0,0,RUS,144478050.0,0.0
3412,Monaco,MC,2020-01-22,0,0,MCO,38682.0,0.0
376,Austria,AT,2020-01-22,0,0,AUT,8847037.0,0.0
2592,Ireland,IE,2020-01-22,0,0,IRL,4853506.0,0.0
3862,Norway,NO,2020-01-22,0,0,NOR,5314336.0,0.0
4773,Spain,ES,2020-01-22,0,0,ESP,46723749.0,0.0
1394,Denmark,DK,2020-01-22,0,0,DNK,5797446.0,0.0
1219,Croatia,HR,2020-01-22,0,0,HRV,4089400.0,0.0
683,Belgium,BE,2020-01-22,0,0,BEL,11422068.0,0.0
3575,Netherlands,NL,2020-01-22,0,0,NLD,17231017.0,0.0
2014,Germany,DE,2020-01-22,0,0,DEU,82927922.0,0.0
2747,Italy,IT,2020-01-22,0,0,ITA,60431283.0,0.0
604,Belarus,BY,2020-01-22,0,0,BLR,9485386.0,0.0
1853,France,FR,2020-01-22,0,0,FRA,66987244.0,0.0
5007,Switzerland,CH,2020-01-22,0,0,CHE,8516543.0,0.0
1774,Finland,FI,2020-01-22,0,0,FIN,5518050.0,0.0
1309,Czech_Republic,CZ,2020-01-22,0,0,CZE,10625695.0,0.0
4928,Sweden,SE,2020-01-22,0,0,SWE,10183175.0,0.0
1691,Estonia,EE,2020-01-22,0,0,EST,1320884.0,0.0
2209,Iceland,IS,2020-01-22,0,0,ISL,353574.0,0.0
3165,Luxembourg,LU,2020-01-22,0,0,LUX,607728.0,0.0
5339,United_Kingdom,GB,2020-01-22,0,0,GBR,66488991.0,0.0
3093,Lithuania,LT,2020-01-22,0,0,LTU,2789533.0,0.0
3574,Netherlands,NL,2020-01-23,0,0,NLD,17231017.0,0.0
2208,Iceland,IS,2020-01-23,0,0,ISL,353574.0,0.0
1773,Finland,FI,2020-01-23,0,0,FIN,5518050.0,0.0
1852,France,FR,2020-01-23,0,0,FRA,66987244.0,0.0
1690,Estonia,EE,2020-01-23,0,0,EST,1320884.0,0.0
3782,North_Macedonia,MK,2020-01-23,0,0,MKD,2082958.0,0.0
3411,Monaco,MC,2020-01-23,0,0,MCO,38682.0,0.0
4927,Sweden,SE,2020-01-23,0,0,SWE,10183175.0,0.0
4772,Spain,ES,2020-01-23,0,0,ESP,46723749.0,0.0
2013,Germany,DE,2020-01-23,0,0,DEU,82927922.0,0.0
682,Belgium,BE,2020-01-23,0,0,BEL,11422068.0,0.0
4463,San_Marino,SM,2020-01-23,0,0,SMR,33785.0,0.0
4376,Russia,RU,2020-01-23,0,0,RUS,144478050.0,0.0
5338,United_Kingdom,GB,2020-01-23,0,0,GBR,66488991.0,0.0
2591,Ireland,IE,2020-01-23,0,0,IRL,4853506.0,0.0
603,Belarus,BY,2020-01-23,0,0,BLR,9485386.0,0.0
375,Austria,AT,2020-01-23,0,0,AUT,8847037.0,0.0
1218,Croatia,HR,2020-01-23,0,0,HRV,4089400.0,0.0
4302,Romania,RO,2020-01-23,0,0,ROU,19473936.0,0.0
3861,Norway,NO,2020-01-23,0,0,NOR,5314336.0,0.0
2746,Italy,IT,2020-01-23,0,0,ITA,60431283.0,0.0
3164,Luxembourg,LU,2020-01-23,0,0,LUX,607728.0,0.0
1393,Denmark,DK,2020-01-23,0,0,DNK,5797446.0,0.0
3092,Lithuania,LT,2020-01-23,0,0,LTU,2789533.0,0.0
1308,Czech_Republic,CZ,2020-01-23,0,0,CZE,10625695.0,0.0
5006,Switzerland,CH,2020-01-23,0,0,CHE,8516543.0,0.0
681,Belgium,BE,2020-01-24,0,0,BEL,11422068.0,0.0
3091,Lithuania,LT,2020-01-24,0,0,LTU,2789533.0,0.0
5337,United_Kingdom,GB,2020-01-24,0,0,GBR,66488991.0,0.0
2745,Italy,IT,2020-01-24,0,0,ITA,60431283.0,0.0
4771,Spain,ES,2020-01-24,0,0,ESP,46723749.0,0.0
2012,Germany,DE,2020-01-24,0,0,DEU,82927922.0,0.0
3573,Netherlands,NL,2020-01-24,0,0,NLD,17231017.0,0.0
2207,Iceland,IS,2020-01-24,0,0,ISL,353574.0,0.0
3163,Luxembourg,LU,2020-01-24,0,0,LUX,607728.0,0.0
1392,Denmark,DK,2020-01-24,0,0,DNK,5797446.0,0.0
3860,Norway,NO,2020-01-24,0,0,NOR,5314336.0,0.0
1689,Estonia,EE,2020-01-24,0,0,EST,1320884.0,0.0
2590,Ireland,IE,2020-01-24,0,0,IRL,4853506.0,0.0
602,Belarus,BY,2020-01-24,0,0,BLR,9485386.0,0.0
374,Austria,AT,2020-01-24,0,0,AUT,8847037.0,0.0
3410,Monaco,MC,2020-01-24,0,0,MCO,38682.0,0.0
4462,San_Marino,SM,2020-01-24,0,0,SMR,33785.0,0.0
1772,Finland,FI,2020-01-24,0,0,FIN,5518050.0,0.0
3781,North_Macedonia,MK,2020-01-24,0,0,MKD,2082958.0,0.0
5005,Switzerland,CH,2020-01-24,0,0,CHE,8516543.0,0.0
4375,Russia,RU,2020-01-24,0,0,RUS,144478050.0,0.0
1307,Czech_Republic,CZ,2020-01-24,0,0,CZE,10625695.0,0.0
1851,France,FR,2020-01-24,0,0,FRA,66987244.0,0.0
4301,Romania,RO,2020-01-24,0,0,ROU,19473936.0,0.0
4926,Sweden,SE,2020-01-24,0,0,SWE,10183175.0,0.0
1217,Croatia,HR,2020-01-24,0,0,HRV,4089400.0,0.0
601,Belarus,BY,2020-01-25,0,0,BLR,9485386.0,0.0
5336,United_Kingdom,GB,2020-01-25,0,0,GBR,66488991.0,0.0
5004,Switzerland,CH,2020-01-25,0,0,CHE,8516543.0,0.0
1306,Czech_Republic,CZ,2020-01-25,0,0,CZE,10625695.0,0.0
4770,Spain,ES,2020-01-25,0,0,ESP,46723749.0,0.0
2011,Germany,DE,2020-01-25,0,0,DEU,82927922.0,0.0
3572,Netherlands,NL,2020-01-25,0,0,NLD,17231017.0,0.0
4925,Sweden,SE,2020-01-25,0,0,SWE,10183175.0,0.0
1391,Denmark,DK,2020-01-25,0,0,DNK,5797446.0,0.0
2744,Italy,IT,2020-01-25,0,0,ITA,60431283.0,0.0
1771,Finland,FI,2020-01-25,0,0,FIN,5518050.0,0.0
680,Belgium,BE,2020-01-25,0,0,BEL,11422068.0,0.0
1850,France,FR,2020-01-25,3,0,FRA,66987244.0,0.044784645864815696
4300,Romania,RO,2020-01-25,0,0,ROU,19473936.0,0.0
4461,San_Marino,SM,2020-01-25,0,0,SMR,33785.0,0.0
373,Austria,AT,2020-01-25,0,0,AUT,8847037.0,0.0
2206,Iceland,IS,2020-01-25,0,0,ISL,353574.0,0.0
3409,Monaco,MC,2020-01-25,0,0,MCO,38682.0,0.0
1216,Croatia,HR,2020-01-25,0,0,HRV,4089400.0,0.0
3780,North_Macedonia,MK,2020-01-25,0,0,MKD,2082958.0,0.0
3859,Norway,NO,2020-01-25,0,0,NOR,5314336.0,0.0
1688,Estonia,EE,2020-01-25,0,0,EST,1320884.0,0.0
4374,Russia,RU,2020-01-25,0,0,RUS,144478050.0,0.0
2589,Ireland,IE,2020-01-25,0,0,IRL,4853506.0,0.0
3090,Lithuania,LT,2020-01-25,0,0,LTU,2789533.0,0.0
3162,Luxembourg,LU,2020-01-25,0,0,LUX,607728.0,0.0
5003,Switzerland,CH,2020-01-26,0,0,CHE,8516543.0,0.0
5335,United_Kingdom,GB,2020-01-26,0,0,GBR,66488991.0,0.0
3408,Monaco,MC,2020-01-26,0,0,MCO,38682.0,0.0
1849,France,FR,2020-01-26,3,0,FRA,66987244.0,0.044784645864815696
4373,Russia,RU,2020-01-26,0,0,RUS,144478050.0,0.0
4460,San_Marino,SM,2020-01-26,0,0,SMR,33785.0,0.0
4924,Sweden,SE,2020-01-26,0,0,SWE,10183175.0,0.0
3089,Lithuania,LT,2020-01-26,0,0,LTU,2789533.0,0.0
3779,North_Macedonia,MK,2020-01-26,0,0,MKD,2082958.0,0.0
3571,Netherlands,NL,2020-01-26,0,0,NLD,17231017.0,0.0
2588,Ireland,IE,2020-01-26,0,0,IRL,4853506.0,0.0
3161,Luxembourg,LU,2020-01-26,0,0,LUX,607728.0,0.0
2010,Germany,DE,2020-01-26,0,0,DEU,82927922.0,0.0
2743,Italy,IT,2020-01-26,0,0,ITA,60431283.0,0.0
4769,Spain,ES,2020-01-26,0,0,ESP,46723749.0,0.0
2205,Iceland,IS,2020-01-26,0,0,ISL,353574.0,0.0
4299,Romania,RO,2020-01-26,0,0,ROU,19473936.0,0.0
3858,Norway,NO,2020-01-26,0,0,NOR,5314336.0,0.0
1770,Finland,FI,2020-01-26,0,0,FIN,5518050.0,0.0
1215,Croatia,HR,2020-01-26,0,0,HRV,4089400.0,0.0
1305,Czech_Republic,CZ,2020-01-26,0,0,CZE,10625695.0,0.0
372,Austria,AT,2020-01-26,0,0,AUT,8847037.0,0.0
1390,Denmark,DK,2020-01-26,0,0,DNK,5797446.0,0.0
600,Belarus,BY,2020-01-26,0,0,BLR,9485386.0,0.0
679,Belgium,BE,2020-01-26,0,0,BEL,11422068.0,0.0
1687,Estonia,EE,2020-01-26,0,0,EST,1320884.0,0.0
1214,Croatia,HR,2020-01-27,0,0,HRV,4089400.0,0.0
3407,Monaco,MC,2020-01-27,0,0,MCO,38682.0,0.0
1686,Estonia,EE,2020-01-27,0,0,EST,1320884.0,0.0
3570,Netherlands,NL,2020-01-27,0,0,NLD,17231017.0,0.0
2009,Germany,DE,2020-01-27,0,0,DEU,82927922.0,0.0
3778,North_Macedonia,MK,2020-01-27,0,0,MKD,2082958.0,0.0
3160,Luxembourg,LU,2020-01-27,0,0,LUX,607728.0,0.0
2587,Ireland,IE,2020-01-27,0,0,IRL,4853506.0,0.0
3088,Lithuania,LT,2020-01-27,0,0,LTU,2789533.0,0.0
2742,Italy,IT,2020-01-27,0,0,ITA,60431283.0,0.0
2204,Iceland,IS,2020-01-27,0,0,ISL,353574.0,0.0
1304,Czech_Republic,CZ,2020-01-27,0,0,CZE,10625695.0,0.0
1389,Denmark,DK,2020-01-27,0,0,DNK,5797446.0,0.0
3857,Norway,NO,2020-01-27,0,0,NOR,5314336.0,0.0
1769,Finland,FI,2020-01-27,0,0,FIN,5518050.0,0.0
1848,France,FR,2020-01-27,3,0,FRA,66987244.0,0.044784645864815696
4298,Romania,RO,2020-01-27,0,0,ROU,19473936.0,0.0
4372,Russia,RU,2020-01-27,0,0,RUS,144478050.0,0.0
4459,San_Marino,SM,2020-01-27,0,0,SMR,33785.0,0.0
678,Belgium,BE,2020-01-27,0,0,BEL,11422068.0,0.0
4768,Spain,ES,2020-01-27,0,0,ESP,46723749.0,0.0
599,Belarus,BY,2020-01-27,0,0,BLR,9485386.0,0.0
4923,Sweden,SE,2020-01-27,0,0,SWE,10183175.0,0.0
5002,Switzerland,CH,2020-01-27,0,0,CHE,8516543.0,0.0
371,Austria,AT,2020-01-27,0,0,AUT,8847037.0,0.0
5334,United_Kingdom,GB,2020-01-27,0,0,GBR,66488991.0,0.0
4922,Sweden,SE,2020-01-28,0,0,SWE,10183175.0,0.0
598,Belarus,BY,2020-01-28,0,0,BLR,9485386.0,0.0
3777,North_Macedonia,MK,2020-01-28,0,0,MKD,2082958.0,0.0
2586,Ireland,IE,2020-01-28,0,0,IRL,4853506.0,0.0
2203,Iceland,IS,2020-01-28,0,0,ISL,353574.0,0.0
1685,Estonia,EE,2020-01-28,0,0,EST,1320884.0,0.0
3856,Norway,NO,2020-01-28,0,0,NOR,5314336.0,0.0
5001,Switzerland,CH,2020-01-28,0,0,CHE,8516543.0,0.0
4297,Romania,RO,2020-01-28,0,0,ROU,19473936.0,0.0
3406,Monaco,MC,2020-01-28,0,0,MCO,38682.0,0.0
3569,Netherlands,NL,2020-01-28,0,0,NLD,17231017.0,0.0
1213,Croatia,HR,2020-01-28,0,0,HRV,4089400.0,0.0
4371,Russia,RU,2020-01-28,0,0,RUS,144478050.0,0.0
3159,Luxembourg,LU,2020-01-28,0,0,LUX,607728.0,0.0
4458,San_Marino,SM,2020-01-28,0,0,SMR,33785.0,0.0
3087,Lithuania,LT,2020-01-28,0,0,LTU,2789533.0,0.0
1303,Czech_Republic,CZ,2020-01-28,0,0,CZE,10625695.0,0.0
5333,United_Kingdom,GB,2020-01-28,0,0,GBR,66488991.0,0.0
370,Austria,AT,2020-01-28,0,0,AUT,8847037.0,0.0
677,Belgium,BE,2020-01-28,0,0,BEL,11422068.0,0.0
2741,Italy,IT,2020-01-28,0,0,ITA,60431283.0,0.0
1388,Denmark,DK,2020-01-28,0,0,DNK,5797446.0,0.0
4767,Spain,ES,2020-01-28,0,0,ESP,46723749.0,0.0
2008,Germany,DE,2020-01-28,1,0,DEU,82927922.0,0.012058664631678581
1847,France,FR,2020-01-28,3,0,FRA,66987244.0,0.044784645864815696
1768,Finland,FI,2020-01-28,0,0,FIN,5518050.0,0.0
597,Belarus,BY,2020-01-29,0,0,BLR,9485386.0,0.0
676,Belgium,BE,2020-01-29,0,0,BEL,11422068.0,0.0
369,Austria,AT,2020-01-29,0,0,AUT,8847037.0,0.0
2007,Germany,DE,2020-01-29,4,0,DEU,82927922.0,0.048234658526714325
3776,North_Macedonia,MK,2020-01-29,0,0,MKD,2082958.0,0.0
3855,Norway,NO,2020-01-29,0,0,NOR,5314336.0,0.0
4766,Spain,ES,2020-01-29,0,0,ESP,46723749.0,0.0
1387,Denmark,DK,2020-01-29,0,0,DNK,5797446.0,0.0
1212,Croatia,HR,2020-01-29,0,0,HRV,4089400.0,0.0
4921,Sweden,SE,2020-01-29,0,0,SWE,10183175.0,0.0
3158,Luxembourg,LU,2020-01-29,0,0,LUX,607728.0,0.0
2585,Ireland,IE,2020-01-29,0,0,IRL,4853506.0,0.0
3568,Netherlands,NL,2020-01-29,0,0,NLD,17231017.0,0.0
3405,Monaco,MC,2020-01-29,0,0,MCO,38682.0,0.0
1684,Estonia,EE,2020-01-29,0,0,EST,1320884.0,0.0
4370,Russia,RU,2020-01-29,0,0,RUS,144478050.0,0.0
2202,Iceland,IS,2020-01-29,0,0,ISL,353574.0,0.0
4296,Romania,RO,2020-01-29,0,0,ROU,19473936.0,0.0
3086,Lithuania,LT,2020-01-29,0,0,LTU,2789533.0,0.0
4457,San_Marino,SM,2020-01-29,0,0,SMR,33785.0,0.0
1302,Czech_Republic,CZ,2020-01-29,0,0,CZE,10625695.0,0.0
1846,France,FR,2020-01-29,4,0,FRA,66987244.0,0.05971286115308759
2740,Italy,IT,2020-01-29,0,0,ITA,60431283.0,0.0
5000,Switzerland,CH,2020-01-29,0,0,CHE,8516543.0,0.0
5332,United_Kingdom,GB,2020-01-29,0,0,GBR,66488991.0,0.0
1767,Finland,FI,2020-01-29,0,0,FIN,5518050.0,0.0
3157,Luxembourg,LU,2020-01-30,0,0,LUX,607728.0,0.0
1301,Czech_Republic,CZ,2020-01-30,0,0,CZE,10625695.0,0.0
3567,Netherlands,NL,2020-01-30,0,0,NLD,17231017.0,0.0
2201,Iceland,IS,2020-01-30,0,0,ISL,353574.0,0.0
4765,Spain,ES,2020-01-30,0,0,ESP,46723749.0,0.0
2584,Ireland,IE,2020-01-30,0,0,IRL,4853506.0,0.0
4369,Russia,RU,2020-01-30,0,0,RUS,144478050.0,0.0
3775,North_Macedonia,MK,2020-01-30,0,0,MKD,2082958.0,0.0
368,Austria,AT,2020-01-30,0,0,AUT,8847037.0,0.0
4456,San_Marino,SM,2020-01-30,0,0,SMR,33785.0,0.0
596,Belarus,BY,2020-01-30,0,0,BLR,9485386.0,0.0
3404,Monaco,MC,2020-01-30,0,0,MCO,38682.0,0.0
1211,Croatia,HR,2020-01-30,0,0,HRV,4089400.0,0.0
675,Belgium,BE,2020-01-30,0,0,BEL,11422068.0,0.0
1845,France,FR,2020-01-30,5,0,FRA,66987244.0,0.07464107644135949
5331,United_Kingdom,GB,2020-01-30,0,0,GBR,66488991.0,0.0
1683,Estonia,EE,2020-01-30,0,0,EST,1320884.0,0.0
2739,Italy,IT,2020-01-30,0,0,ITA,60431283.0,0.0
2006,Germany,DE,2020-01-30,4,0,DEU,82927922.0,0.048234658526714325
1386,Denmark,DK,2020-01-30,0,0,DNK,5797446.0,0.0
4920,Sweden,SE,2020-01-30,0,0,SWE,10183175.0,0.0
3854,Norway,NO,2020-01-30,0,0,NOR,5314336.0,0.0
1766,Finland,FI,2020-01-30,1,0,FIN,5518050.0,0.18122343943965713
4999,Switzerland,CH,2020-01-30,0,0,CHE,8516543.0,0.0
4295,Romania,RO,2020-01-30,0,0,ROU,19473936.0,0.0
3085,Lithuania,LT,2020-01-30,0,0,LTU,2789533.0,0.0
4368,Russia,RU,2020-01-31,0,0,RUS,144478050.0,0.0
3853,Norway,NO,2020-01-31,0,0,NOR,5314336.0,0.0
3403,Monaco,MC,2020-01-31,0,0,MCO,38682.0,0.0
674,Belgium,BE,2020-01-31,0,0,BEL,11422068.0,0.0
2200,Iceland,IS,2020-01-31,0,0,ISL,353574.0,0.0
1765,Finland,FI,2020-01-31,1,0,FIN,5518050.0,0.18122343943965713
595,Belarus,BY,2020-01-31,0,0,BLR,9485386.0,0.0
3774,North_Macedonia,MK,2020-01-31,0,0,MKD,2082958.0,0.0
367,Austria,AT,2020-01-31,0,0,AUT,8847037.0,0.0
2005,Germany,DE,2020-01-31,5,0,DEU,82927922.0,0.060293323158392906
1385,Denmark,DK,2020-01-31,0,0,DNK,5797446.0,0.0
1210,Croatia,HR,2020-01-31,0,0,HRV,4089400.0,0.0
4764,Spain,ES,2020-01-31,0,0,ESP,46723749.0,0.0
1682,Estonia,EE,2020-01-31,0,0,EST,1320884.0,0.0
1844,France,FR,2020-01-31,6,0,FRA,66987244.0,0.08956929172963139
3566,Netherlands,NL,2020-01-31,0,0,NLD,17231017.0,0.0
2583,Ireland,IE,2020-01-31,0,0,IRL,4853506.0,0.0
4294,Romania,RO,2020-01-31,0,0,ROU,19473936.0,0.0
1300,Czech_Republic,CZ,2020-01-31,0,0,CZE,10625695.0,0.0
2738,Italy,IT,2020-01-31,3,0,ITA,60431283.0,0.049643162466036006
4998,Switzerland,CH,2020-01-31,0,0,CHE,8516543.0,0.0
4919,Sweden,SE,2020-01-31,0,0,SWE,10183175.0,0.0
5330,United_Kingdom,GB,2020-01-31,2,0,GBR,66488991.0,0.03008016770776383
4455,San_Marino,SM,2020-01-31,0,0,SMR,33785.0,0.0
3084,Lithuania,LT,2020-01-31,0,0,LTU,2789533.0,0.0
3156,Luxembourg,LU,2020-01-31,0,0,LUX,607728.0,0.0
1843,France,FR,2020-02-01,6,0,FRA,66987244.0,0.08956929172963139
3083,Lithuania,LT,2020-02-01,0,0,LTU,2789533.0,0.0
4997,Switzerland,CH,2020-02-01,0,0,CHE,8516543.0,0.0
1299,Czech_Republic,CZ,2020-02-01,0,0,CZE,10625695.0,0.0
4763,Spain,ES,2020-02-01,1,0,ESP,46723749.0,0.021402392175336786
4454,San_Marino,SM,2020-02-01,0,0,SMR,33785.0,0.0
2199,Iceland,IS,2020-02-01,0,0,ISL,353574.0,0.0
2737,Italy,IT,2020-02-01,3,0,ITA,60431283.0,0.049643162466036006
1764,Finland,FI,2020-02-01,1,0,FIN,5518050.0,0.18122343943965713
3155,Luxembourg,LU,2020-02-01,0,0,LUX,607728.0,0.0
3565,Netherlands,NL,2020-02-01,0,0,NLD,17231017.0,0.0
4367,Russia,RU,2020-02-01,2,0,RUS,144478050.0,0.01384293323449479
3402,Monaco,MC,2020-02-01,0,0,MCO,38682.0,0.0
5329,United_Kingdom,GB,2020-02-01,2,0,GBR,66488991.0,0.03008016770776383
4293,Romania,RO,2020-02-01,0,0,ROU,19473936.0,0.0
2582,Ireland,IE,2020-02-01,0,0,IRL,4853506.0,0.0
1681,Estonia,EE,2020-02-01,0,0,EST,1320884.0,0.0
673,Belgium,BE,2020-02-01,0,0,BEL,11422068.0,0.0
3852,Norway,NO,2020-02-01,0,0,NOR,5314336.0,0.0
1209,Croatia,HR,2020-02-01,0,0,HRV,4089400.0,0.0
366,Austria,AT,2020-02-01,0,0,AUT,8847037.0,0.0
2004,Germany,DE,2020-02-01,7,0,DEU,82927922.0,0.08441065242175007
4918,Sweden,SE,2020-02-01,1,0,SWE,10183175.0,0.09820119952765223
594,Belarus,BY,2020-02-01,0,0,BLR,9485386.0,0.0
3773,North_Macedonia,MK,2020-02-01,0,0,MKD,2082958.0,0.0
1384,Denmark,DK,2020-02-01,0,0,DNK,5797446.0,0.0
2736,Italy,IT,2020-02-02,3,0,ITA,60431283.0,0.049643162466036006
365,Austria,AT,2020-02-02,0,0,AUT,8847037.0,0.0
4292,Romania,RO,2020-02-02,0,0,ROU,19473936.0,0.0
2581,Ireland,IE,2020-02-02,0,0,IRL,4853506.0,0.0
1298,Czech_Republic,CZ,2020-02-02,0,0,CZE,10625695.0,0.0
3082,Lithuania,LT,2020-02-02,0,0,LTU,2789533.0,0.0
4996,Switzerland,CH,2020-02-02,0,0,CHE,8516543.0,0.0
3564,Netherlands,NL,2020-02-02,0,0,NLD,17231017.0,0.0
4917,Sweden,SE,2020-02-02,1,0,SWE,10183175.0,0.09820119952765223
3154,Luxembourg,LU,2020-02-02,0,0,LUX,607728.0,0.0
1680,Estonia,EE,2020-02-02,0,0,EST,1320884.0,0.0
1763,Finland,FI,2020-02-02,1,0,FIN,5518050.0,0.18122343943965713
3851,Norway,NO,2020-02-02,0,0,NOR,5314336.0,0.0
2198,Iceland,IS,2020-02-02,0,0,ISL,353574.0,0.0
1208,Croatia,HR,2020-02-02,0,0,HRV,4089400.0,0.0
1383,Denmark,DK,2020-02-02,0,0,DNK,5797446.0,0.0
2003,Germany,DE,2020-02-02,8,0,DEU,82927922.0,0.09646931705342865
1842,France,FR,2020-02-02,6,0,FRA,66987244.0,0.08956929172963139
3772,North_Macedonia,MK,2020-02-02,0,0,MKD,2082958.0,0.0
4762,Spain,ES,2020-02-02,1,0,ESP,46723749.0,0.021402392175336786
672,Belgium,BE,2020-02-02,0,0,BEL,11422068.0,0.0
4453,San_Marino,SM,2020-02-02,0,0,SMR,33785.0,0.0
5328,United_Kingdom,GB,2020-02-02,2,0,GBR,66488991.0,0.03008016770776383
4366,Russia,RU,2020-02-02,2,0,RUS,144478050.0,0.01384293323449479
3401,Monaco,MC,2020-02-02,0,0,MCO,38682.0,0.0
593,Belarus,BY,2020-02-02,0,0,BLR,9485386.0,0.0
3081,Lithuania,LT,2020-02-03,0,0,LTU,2789533.0,0.0
2735,Italy,IT,2020-02-03,3,0,ITA,60431283.0,0.049643162466036006
1382,Denmark,DK,2020-02-03,0,0,DNK,5797446.0,0.0
3850,Norway,NO,2020-02-03,0,0,NOR,5314336.0,0.0
4291,Romania,RO,2020-02-03,0,0,ROU,19473936.0,0.0
364,Austria,AT,2020-02-03,0,0,AUT,8847037.0,0.0
3153,Luxembourg,LU,2020-02-03,0,0,LUX,607728.0,0.0
2580,Ireland,IE,2020-02-03,0,0,IRL,4853506.0,0.0
4365,Russia,RU,2020-02-03,2,0,RUS,144478050.0,0.01384293323449479
1762,Finland,FI,2020-02-03,1,0,FIN,5518050.0,0.18122343943965713
1207,Croatia,HR,2020-02-03,0,0,HRV,4089400.0,0.0
3771,North_Macedonia,MK,2020-02-03,0,0,MKD,2082958.0,0.0
1841,France,FR,2020-02-03,6,0,FRA,66987244.0,0.08956929172963139
4452,San_Marino,SM,2020-02-03,0,0,SMR,33785.0,0.0
3400,Monaco,MC,2020-02-03,0,0,MCO,38682.0,0.0
592,Belarus,BY,2020-02-03,0,0,BLR,9485386.0,0.0
5327,United_Kingdom,GB,2020-02-03,2,0,GBR,66488991.0,0.03008016770776383
2002,Germany,DE,2020-02-03,9,0,DEU,82927922.0,0.10852798168510723
4995,Switzerland,CH,2020-02-03,0,0,CHE,8516543.0,0.0
4761,Spain,ES,2020-02-03,1,0,ESP,46723749.0,0.021402392175336786
2197,Iceland,IS,2020-02-03,0,0,ISL,353574.0,0.0
1679,Estonia,EE,2020-02-03,0,0,EST,1320884.0,0.0
3563,Netherlands,NL,2020-02-03,0,0,NLD,17231017.0,0.0
4916,Sweden,SE,2020-02-03,1,0,SWE,10183175.0,0.09820119952765223
1297,Czech_Republic,CZ,2020-02-03,0,0,CZE,10625695.0,0.0
671,Belgium,BE,2020-02-03,0,0,BEL,11422068.0,0.0
4760,Spain,ES,2020-02-04,1,0,ESP,46723749.0,0.021402392175336786
3770,North_Macedonia,MK,2020-02-04,0,0,MKD,2082958.0,0.0
3152,Luxembourg,LU,2020-02-04,0,0,LUX,607728.0,0.0
4290,Romania,RO,2020-02-04,0,0,ROU,19473936.0,0.0
2001,Germany,DE,2020-02-04,11,0,DEU,82927922.0,0.13264531094846438
363,Austria,AT,2020-02-04,0,0,AUT,8847037.0,0.0
4915,Sweden,SE,2020-02-04,1,0,SWE,10183175.0,0.09820119952765223
2196,Iceland,IS,2020-02-04,0,0,ISL,353574.0,0.0
5326,United_Kingdom,GB,2020-02-04,2,0,GBR,66488991.0,0.03008016770776383
2579,Ireland,IE,2020-02-04,0,0,IRL,4853506.0,0.0
3849,Norway,NO,2020-02-04,0,0,NOR,5314336.0,0.0
4364,Russia,RU,2020-02-04,2,0,RUS,144478050.0,0.01384293323449479
1678,Estonia,EE,2020-02-04,0,0,EST,1320884.0,0.0
3399,Monaco,MC,2020-02-04,0,0,MCO,38682.0,0.0
591,Belarus,BY,2020-02-04,0,0,BLR,9485386.0,0.0
4451,San_Marino,SM,2020-02-04,0,0,SMR,33785.0,0.0
1206,Croatia,HR,2020-02-04,0,0,HRV,4089400.0,0.0
1761,Finland,FI,2020-02-04,1,0,FIN,5518050.0,0.18122343943965713
1381,Denmark,DK,2020-02-04,0,0,DNK,5797446.0,0.0
3562,Netherlands,NL,2020-02-04,0,0,NLD,17231017.0,0.0
1840,France,FR,2020-02-04,6,0,FRA,66987244.0,0.08956929172963139
4994,Switzerland,CH,2020-02-04,0,0,CHE,8516543.0,0.0
1296,Czech_Republic,CZ,2020-02-04,0,0,CZE,10625695.0,0.0
2734,Italy,IT,2020-02-04,3,0,ITA,60431283.0,0.049643162466036006
670,Belgium,BE,2020-02-04,1,0,BEL,11422068.0,0.08754982022519915
3080,Lithuania,LT,2020-02-04,0,0,LTU,2789533.0,0.0
1380,Denmark,DK,2020-02-05,0,0,DNK,5797446.0,0.0
5325,United_Kingdom,GB,2020-02-05,2,0,GBR,66488991.0,0.03008016770776383
1760,Finland,FI,2020-02-05,1,0,FIN,5518050.0,0.18122343943965713
1839,France,FR,2020-02-05,6,0,FRA,66987244.0,0.08956929172963139
669,Belgium,BE,2020-02-05,1,0,BEL,11422068.0,0.08754982022519915
2000,Germany,DE,2020-02-05,11,0,DEU,82927922.0,0.13264531094846438
3561,Netherlands,NL,2020-02-05,0,0,NLD,17231017.0,0.0
3769,North_Macedonia,MK,2020-02-05,0,0,MKD,2082958.0,0.0
4759,Spain,ES,2020-02-05,1,0,ESP,46723749.0,0.021402392175336786
3848,Norway,NO,2020-02-05,0,0,NOR,5314336.0,0.0
4363,Russia,RU,2020-02-05,2,0,RUS,144478050.0,0.01384293323449479
3398,Monaco,MC,2020-02-05,0,0,MCO,38682.0,0.0
1677,Estonia,EE,2020-02-05,0,0,EST,1320884.0,0.0
590,Belarus,BY,2020-02-05,0,0,BLR,9485386.0,0.0
2578,Ireland,IE,2020-02-05,0,0,IRL,4853506.0,0.0
1295,Czech_Republic,CZ,2020-02-05,0,0,CZE,10625695.0,0.0
3151,Luxembourg,LU,2020-02-05,0,0,LUX,607728.0,0.0
4914,Sweden,SE,2020-02-05,1,0,SWE,10183175.0,0.09820119952765223
362,Austria,AT,2020-02-05,0,0,AUT,8847037.0,0.0
4993,Switzerland,CH,2020-02-05,0,0,CHE,8516543.0,0.0
4450,San_Marino,SM,2020-02-05,0,0,SMR,33785.0,0.0
4289,Romania,RO,2020-02-05,0,0,ROU,19473936.0,0.0
3079,Lithuania,LT,2020-02-05,0,0,LTU,2789533.0,0.0
2733,Italy,IT,2020-02-05,3,0,ITA,60431283.0,0.049643162466036006
2195,Iceland,IS,2020-02-05,0,0,ISL,353574.0,0.0
1205,Croatia,HR,2020-02-05,0,0,HRV,4089400.0,0.0
589,Belarus,BY,2020-02-06,0,0,BLR,9485386.0,0.0
3847,Norway,NO,2020-02-06,0,0,NOR,5314336.0,0.0
3078,Lithuania,LT,2020-02-06,0,0,LTU,2789533.0,0.0
2577,Ireland,IE,2020-02-06,0,0,IRL,4853506.0,0.0
361,Austria,AT,2020-02-06,0,0,AUT,8847037.0,0.0
3397,Monaco,MC,2020-02-06,0,0,MCO,38682.0,0.0
4992,Switzerland,CH,2020-02-06,0,0,CHE,8516543.0,0.0
4288,Romania,RO,2020-02-06,0,0,ROU,19473936.0,0.0
4449,San_Marino,SM,2020-02-06,0,0,SMR,33785.0,0.0
1676,Estonia,EE,2020-02-06,0,0,EST,1320884.0,0.0
4362,Russia,RU,2020-02-06,2,0,RUS,144478050.0,0.01384293323449479
1294,Czech_Republic,CZ,2020-02-06,0,0,CZE,10625695.0,0.0
3150,Luxembourg,LU,2020-02-06,0,0,LUX,607728.0,0.0
3768,North_Macedonia,MK,2020-02-06,0,0,MKD,2082958.0,0.0
1838,France,FR,2020-02-06,6,0,FRA,66987244.0,0.08956929172963139
1204,Croatia,HR,2020-02-06,0,0,HRV,4089400.0,0.0
668,Belgium,BE,2020-02-06,1,0,BEL,11422068.0,0.08754982022519915
3560,Netherlands,NL,2020-02-06,0,0,NLD,17231017.0,0.0
4758,Spain,ES,2020-02-06,1,0,ESP,46723749.0,0.021402392175336786
2732,Italy,IT,2020-02-06,3,0,ITA,60431283.0,0.049643162466036006
2194,Iceland,IS,2020-02-06,0,0,ISL,353574.0,0.0
1999,Germany,DE,2020-02-06,11,0,DEU,82927922.0,0.13264531094846438
1379,Denmark,DK,2020-02-06,0,0,DNK,5797446.0,0.0
5324,United_Kingdom,GB,2020-02-06,2,0,GBR,66488991.0,0.03008016770776383
4913,Sweden,SE,2020-02-06,1,0,SWE,10183175.0,0.09820119952765223
1759,Finland,FI,2020-02-06,1,0,FIN,5518050.0,0.18122343943965713
1675,Estonia,EE,2020-02-07,0,0,EST,1320884.0,0.0
3559,Netherlands,NL,2020-02-07,0,0,NLD,17231017.0,0.0
2576,Ireland,IE,2020-02-07,0,0,IRL,4853506.0,0.0
4912,Sweden,SE,2020-02-07,1,0,SWE,10183175.0,0.09820119952765223
4287,Romania,RO,2020-02-07,0,0,ROU,19473936.0,0.0
5323,United_Kingdom,GB,2020-02-07,3,0,GBR,66488991.0,0.04512025156164575
3149,Luxembourg,LU,2020-02-07,0,0,LUX,607728.0,0.0
3846,Norway,NO,2020-02-07,0,0,NOR,5314336.0,0.0
360,Austria,AT,2020-02-07,0,0,AUT,8847037.0,0.0
667,Belgium,BE,2020-02-07,1,0,BEL,11422068.0,0.08754982022519915
2193,Iceland,IS,2020-02-07,0,0,ISL,353574.0,0.0
4757,Spain,ES,2020-02-07,1,0,ESP,46723749.0,0.021402392175336786
1998,Germany,DE,2020-02-07,12,0,DEU,82927922.0,0.14470397558014297
2731,Italy,IT,2020-02-07,3,0,ITA,60431283.0,0.049643162466036006
1203,Croatia,HR,2020-02-07,0,0,HRV,4089400.0,0.0
1293,Czech_Republic,CZ,2020-02-07,0,0,CZE,10625695.0,0.0
1837,France,FR,2020-02-07,6,0,FRA,66987244.0,0.08956929172963139
4448,San_Marino,SM,2020-02-07,0,0,SMR,33785.0,0.0
4991,Switzerland,CH,2020-02-07,0,0,CHE,8516543.0,0.0
1378,Denmark,DK,2020-02-07,0,0,DNK,5797446.0,0.0
3077,Lithuania,LT,2020-02-07,0,0,LTU,2789533.0,0.0
588,Belarus,BY,2020-02-07,0,0,BLR,9485386.0,0.0
3767,North_Macedonia,MK,2020-02-07,0,0,MKD,2082958.0,0.0
3396,Monaco,MC,2020-02-07,0,0,MCO,38682.0,0.0
4361,Russia,RU,2020-02-07,2,0,RUS,144478050.0,0.01384293323449479
1758,Finland,FI,2020-02-07,1,0,FIN,5518050.0,0.18122343943965713
1377,Denmark,DK,2020-02-08,0,0,DNK,5797446.0,0.0
4286,Romania,RO,2020-02-08,0,0,ROU,19473936.0,0.0
2730,Italy,IT,2020-02-08,3,0,ITA,60431283.0,0.049643162466036006
5322,United_Kingdom,GB,2020-02-08,3,0,GBR,66488991.0,0.04512025156164575
1997,Germany,DE,2020-02-08,13,0,DEU,82927922.0,0.15676264021182154
3845,Norway,NO,2020-02-08,0,0,NOR,5314336.0,0.0
1836,France,FR,2020-02-08,11,0,FRA,66987244.0,0.16421036817099088
4990,Switzerland,CH,2020-02-08,0,0,CHE,8516543.0,0.0
3076,Lithuania,LT,2020-02-08,0,0,LTU,2789533.0,0.0
1202,Croatia,HR,2020-02-08,0,0,HRV,4089400.0,0.0
359,Austria,AT,2020-02-08,0,0,AUT,8847037.0,0.0
2192,Iceland,IS,2020-02-08,0,0,ISL,353574.0,0.0
3766,North_Macedonia,MK,2020-02-08,0,0,MKD,2082958.0,0.0
587,Belarus,BY,2020-02-08,0,0,BLR,9485386.0,0.0
3395,Monaco,MC,2020-02-08,0,0,MCO,38682.0,0.0
1757,Finland,FI,2020-02-08,1,0,FIN,5518050.0,0.18122343943965713
4447,San_Marino,SM,2020-02-08,0,0,SMR,33785.0,0.0
666,Belgium,BE,2020-02-08,1,0,BEL,11422068.0,0.08754982022519915
1292,Czech_Republic,CZ,2020-02-08,0,0,CZE,10625695.0,0.0
4360,Russia,RU,2020-02-08,2,0,RUS,144478050.0,0.01384293323449479
4756,Spain,ES,2020-02-08,1,0,ESP,46723749.0,0.021402392175336786
4911,Sweden,SE,2020-02-08,1,0,SWE,10183175.0,0.09820119952765223
3558,Netherlands,NL,2020-02-08,0,0,NLD,17231017.0,0.0
3148,Luxembourg,LU,2020-02-08,0,0,LUX,607728.0,0.0
2575,Ireland,IE,2020-02-08,0,0,IRL,4853506.0,0.0
1674,Estonia,EE,2020-02-08,0,0,EST,1320884.0,0.0
2729,Italy,IT,2020-02-09,3,0,ITA,60431283.0,0.049643162466036006
665,Belgium,BE,2020-02-09,1,0,BEL,11422068.0,0.08754982022519915
5321,United_Kingdom,GB,2020-02-09,4,0,GBR,66488991.0,0.06016033541552766
4359,Russia,RU,2020-02-09,2,0,RUS,144478050.0,0.01384293323449479
3147,Luxembourg,LU,2020-02-09,0,0,LUX,607728.0,0.0
4989,Switzerland,CH,2020-02-09,0,0,CHE,8516543.0,0.0
1291,Czech_Republic,CZ,2020-02-09,0,0,CZE,10625695.0,0.0
3844,Norway,NO,2020-02-09,0,0,NOR,5314336.0,0.0
3557,Netherlands,NL,2020-02-09,0,0,NLD,17231017.0,0.0
3075,Lithuania,LT,2020-02-09,0,0,LTU,2789533.0,0.0
1756,Finland,FI,2020-02-09,1,0,FIN,5518050.0,0.18122343943965713
4285,Romania,RO,2020-02-09,0,0,ROU,19473936.0,0.0
4910,Sweden,SE,2020-02-09,1,0,SWE,10183175.0,0.09820119952765223
1673,Estonia,EE,2020-02-09,0,0,EST,1320884.0,0.0
586,Belarus,BY,2020-02-09,0,0,BLR,9485386.0,0.0
3765,North_Macedonia,MK,2020-02-09,0,0,MKD,2082958.0,0.0
1376,Denmark,DK,2020-02-09,0,0,DNK,5797446.0,0.0
2191,Iceland,IS,2020-02-09,0,0,ISL,353574.0,0.0
4446,San_Marino,SM,2020-02-09,0,0,SMR,33785.0,0.0
2574,Ireland,IE,2020-02-09,0,0,IRL,4853506.0,0.0
1996,Germany,DE,2020-02-09,13,0,DEU,82927922.0,0.15676264021182154
1835,France,FR,2020-02-09,11,0,FRA,66987244.0,0.16421036817099088
1201,Croatia,HR,2020-02-09,0,0,HRV,4089400.0,0.0
358,Austria,AT,2020-02-09,0,0,AUT,8847037.0,0.0
4755,Spain,ES,2020-02-09,1,0,ESP,46723749.0,0.021402392175336786
3394,Monaco,MC,2020-02-09,0,0,MCO,38682.0,0.0
3074,Lithuania,LT,2020-02-10,0,0,LTU,2789533.0,0.0
5320,United_Kingdom,GB,2020-02-10,4,0,GBR,66488991.0,0.06016033541552766
1290,Czech_Republic,CZ,2020-02-10,0,0,CZE,10625695.0,0.0
4358,Russia,RU,2020-02-10,2,0,RUS,144478050.0,0.01384293323449479
4909,Sweden,SE,2020-02-10,1,0,SWE,10183175.0,0.09820119952765223
3556,Netherlands,NL,2020-02-10,0,0,NLD,17231017.0,0.0
3764,North_Macedonia,MK,2020-02-10,0,0,MKD,2082958.0,0.0
1672,Estonia,EE,2020-02-10,0,0,EST,1320884.0,0.0
585,Belarus,BY,2020-02-10,0,0,BLR,9485386.0,0.0
1200,Croatia,HR,2020-02-10,0,0,HRV,4089400.0,0.0
357,Austria,AT,2020-02-10,0,0,AUT,8847037.0,0.0
3393,Monaco,MC,2020-02-10,0,0,MCO,38682.0,0.0
4445,San_Marino,SM,2020-02-10,0,0,SMR,33785.0,0.0
2573,Ireland,IE,2020-02-10,0,0,IRL,4853506.0,0.0
1755,Finland,FI,2020-02-10,1,0,FIN,5518050.0,0.18122343943965713
4754,Spain,ES,2020-02-10,2,0,ESP,46723749.0,0.04280478435067357
2728,Italy,IT,2020-02-10,3,0,ITA,60431283.0,0.049643162466036006
2190,Iceland,IS,2020-02-10,0,0,ISL,353574.0,0.0
4988,Switzerland,CH,2020-02-10,0,0,CHE,8516543.0,0.0
1834,France,FR,2020-02-10,11,0,FRA,66987244.0,0.16421036817099088
1375,Denmark,DK,2020-02-10,0,0,DNK,5797446.0,0.0
3843,Norway,NO,2020-02-10,0,0,NOR,5314336.0,0.0
1995,Germany,DE,2020-02-10,13,0,DEU,82927922.0,0.15676264021182154
4284,Romania,RO,2020-02-10,0,0,ROU,19473936.0,0.0
3146,Luxembourg,LU,2020-02-10,0,0,LUX,607728.0,0.0
664,Belgium,BE,2020-02-10,1,0,BEL,11422068.0,0.08754982022519915
2189,Iceland,IS,2020-02-11,0,0,ISL,353574.0,0.0
584,Belarus,BY,2020-02-11,0,0,BLR,9485386.0,0.0
4987,Switzerland,CH,2020-02-11,0,0,CHE,8516543.0,0.0
1994,Germany,DE,2020-02-11,13,0,DEU,82927922.0,0.15676264021182154
1289,Czech_Republic,CZ,2020-02-11,0,0,CZE,10625695.0,0.0
3555,Netherlands,NL,2020-02-11,0,0,NLD,17231017.0,0.0
4908,Sweden,SE,2020-02-11,1,0,SWE,10183175.0,0.09820119952765223
4753,Spain,ES,2020-02-11,2,0,ESP,46723749.0,0.04280478435067357
1671,Estonia,EE,2020-02-11,0,0,EST,1320884.0,0.0
3392,Monaco,MC,2020-02-11,0,0,MCO,38682.0,0.0
4357,Russia,RU,2020-02-11,2,0,RUS,144478050.0,0.01384293323449479
2572,Ireland,IE,2020-02-11,0,0,IRL,4853506.0,0.0
3145,Luxembourg,LU,2020-02-11,0,0,LUX,607728.0,0.0
1833,France,FR,2020-02-11,11,0,FRA,66987244.0,0.16421036817099088
3842,Norway,NO,2020-02-11,0,0,NOR,5314336.0,0.0
4283,Romania,RO,2020-02-11,0,0,ROU,19473936.0,0.0
1374,Denmark,DK,2020-02-11,0,0,DNK,5797446.0,0.0
5319,United_Kingdom,GB,2020-02-11,8,0,GBR,66488991.0,0.12032067083105533
2727,Italy,IT,2020-02-11,3,0,ITA,60431283.0,0.049643162466036006
3073,Lithuania,LT,2020-02-11,0,0,LTU,2789533.0,0.0
1754,Finland,FI,2020-02-11,1,0,FIN,5518050.0,0.18122343943965713
3763,North_Macedonia,MK,2020-02-11,0,0,MKD,2082958.0,0.0
663,Belgium,BE,2020-02-11,1,0,BEL,11422068.0,0.08754982022519915
356,Austria,AT,2020-02-11,0,0,AUT,8847037.0,0.0
1199,Croatia,HR,2020-02-11,0,0,HRV,4089400.0,0.0
4444,San_Marino,SM,2020-02-11,0,0,SMR,33785.0,0.0
355,Austria,AT,2020-02-12,0,0,AUT,8847037.0,0.0
2726,Italy,IT,2020-02-12,3,0,ITA,60431283.0,0.049643162466036006
662,Belgium,BE,2020-02-12,1,0,BEL,11422068.0,0.08754982022519915
1753,Finland,FI,2020-02-12,1,0,FIN,5518050.0,0.18122343943965713
4752,Spain,ES,2020-02-12,2,0,ESP,46723749.0,0.04280478435067357
2188,Iceland,IS,2020-02-12,0,0,ISL,353574.0,0.0
4986,Switzerland,CH,2020-02-12,0,0,CHE,8516543.0,0.0
1993,Germany,DE,2020-02-12,15,0,DEU,82927922.0,0.1808799694751787
3554,Netherlands,NL,2020-02-12,0,0,NLD,17231017.0,0.0
1670,Estonia,EE,2020-02-12,0,0,EST,1320884.0,0.0
583,Belarus,BY,2020-02-12,0,0,BLR,9485386.0,0.0
3391,Monaco,MC,2020-02-12,0,0,MCO,38682.0,0.0
4907,Sweden,SE,2020-02-12,1,0,SWE,10183175.0,0.09820119952765223
1198,Croatia,HR,2020-02-12,0,0,HRV,4089400.0,0.0
1288,Czech_Republic,CZ,2020-02-12,0,0,CZE,10625695.0,0.0
5318,United_Kingdom,GB,2020-02-12,8,0,GBR,66488991.0,0.12032067083105533
3072,Lithuania,LT,2020-02-12,0,0,LTU,2789533.0,0.0
3762,North_Macedonia,MK,2020-02-12,0,0,MKD,2082958.0,0.0
1373,Denmark,DK,2020-02-12,0,0,DNK,5797446.0,0.0
4282,Romania,RO,2020-02-12,0,0,ROU,19473936.0,0.0
3841,Norway,NO,2020-02-12,0,0,NOR,5314336.0,0.0
4443,San_Marino,SM,2020-02-12,0,0,SMR,33785.0,0.0
1832,France,FR,2020-02-12,11,0,FRA,66987244.0,0.16421036817099088
2571,Ireland,IE,2020-02-12,0,0,IRL,4853506.0,0.0
4356,Russia,RU,2020-02-12,2,0,RUS,144478050.0,0.01384293323449479
3144,Luxembourg,LU,2020-02-12,0,0,LUX,607728.0,0.0
354,Austria,AT,2020-02-13,0,0,AUT,8847037.0,0.0
3553,Netherlands,NL,2020-02-13,0,0,NLD,17231017.0,0.0
1197,Croatia,HR,2020-02-13,0,0,HRV,4089400.0,0.0
1287,Czech_Republic,CZ,2020-02-13,0,0,CZE,10625695.0,0.0
3840,Norway,NO,2020-02-13,0,0,NOR,5314336.0,0.0
3390,Monaco,MC,2020-02-13,0,0,MCO,38682.0,0.0
1752,Finland,FI,2020-02-13,1,0,FIN,5518050.0,0.18122343943965713
3143,Luxembourg,LU,2020-02-13,0,0,LUX,607728.0,0.0
3071,Lithuania,LT,2020-02-13,0,0,LTU,2789533.0,0.0
3761,North_Macedonia,MK,2020-02-13,0,0,MKD,2082958.0,0.0
582,Belarus,BY,2020-02-13,0,0,BLR,9485386.0,0.0
1831,France,FR,2020-02-13,11,0,FRA,66987244.0,0.16421036817099088
4442,San_Marino,SM,2020-02-13,0,0,SMR,33785.0,0.0
2187,Iceland,IS,2020-02-13,0,0,ISL,353574.0,0.0
2570,Ireland,IE,2020-02-13,0,0,IRL,4853506.0,0.0
661,Belgium,BE,2020-02-13,1,0,BEL,11422068.0,0.08754982022519915
4355,Russia,RU,2020-02-13,2,0,RUS,144478050.0,0.01384293323449479
4751,Spain,ES,2020-02-13,2,0,ESP,46723749.0,0.04280478435067357
1669,Estonia,EE,2020-02-13,0,0,EST,1320884.0,0.0
4985,Switzerland,CH,2020-02-13,0,0,CHE,8516543.0,0.0
1372,Denmark,DK,2020-02-13,0,0,DNK,5797446.0,0.0
2725,Italy,IT,2020-02-13,3,0,ITA,60431283.0,0.049643162466036006
5317,United_Kingdom,GB,2020-02-13,9,0,GBR,66488991.0,0.13536075468493725
4906,Sweden,SE,2020-02-13,1,0,SWE,10183175.0,0.09820119952765223
4281,Romania,RO,2020-02-13,0,0,ROU,19473936.0,0.0
1992,Germany,DE,2020-02-13,15,0,DEU,82927922.0,0.1808799694751787
353,Austria,AT,2020-02-14,0,0,AUT,8847037.0,0.0
3760,North_Macedonia,MK,2020-02-14,0,0,MKD,2082958.0,0.0
1830,France,FR,2020-02-14,11,0,FRA,66987244.0,0.16421036817099088
4354,Russia,RU,2020-02-14,2,0,RUS,144478050.0,0.01384293323449479
2569,Ireland,IE,2020-02-14,0,0,IRL,4853506.0,0.0
3142,Luxembourg,LU,2020-02-14,0,0,LUX,607728.0,0.0
3839,Norway,NO,2020-02-14,0,0,NOR,5314336.0,0.0
4280,Romania,RO,2020-02-14,0,0,ROU,19473936.0,0.0
5316,United_Kingdom,GB,2020-02-14,9,0,GBR,66488991.0,0.13536075468493725
2724,Italy,IT,2020-02-14,3,0,ITA,60431283.0,0.049643162466036006
1371,Denmark,DK,2020-02-14,0,0,DNK,5797446.0,0.0
4984,Switzerland,CH,2020-02-14,0,0,CHE,8516543.0,0.0
1991,Germany,DE,2020-02-14,15,0,DEU,82927922.0,0.1808799694751787
3552,Netherlands,NL,2020-02-14,0,0,NLD,17231017.0,0.0
4905,Sweden,SE,2020-02-14,1,0,SWE,10183175.0,0.09820119952765223
1668,Estonia,EE,2020-02-14,0,0,EST,1320884.0,0.0
581,Belarus,BY,2020-02-14,0,0,BLR,9485386.0,0.0
3389,Monaco,MC,2020-02-14,0,0,MCO,38682.0,0.0
1751,Finland,FI,2020-02-14,1,0,FIN,5518050.0,0.18122343943965713
1196,Croatia,HR,2020-02-14,0,0,HRV,4089400.0,0.0
4441,San_Marino,SM,2020-02-14,0,0,SMR,33785.0,0.0
660,Belgium,BE,2020-02-14,1,0,BEL,11422068.0,0.08754982022519915
4750,Spain,ES,2020-02-14,2,0,ESP,46723749.0,0.04280478435067357
2186,Iceland,IS,2020-02-14,0,0,ISL,353574.0,0.0
3070,Lithuania,LT,2020-02-14,0,0,LTU,2789533.0,0.0
1286,Czech_Republic,CZ,2020-02-14,0,0,CZE,10625695.0,0.0
2568,Ireland,IE,2020-02-15,0,0,IRL,4853506.0,0.0
1195,Croatia,HR,2020-02-15,0,0,HRV,4089400.0,0.0
3838,Norway,NO,2020-02-15,0,0,NOR,5314336.0,0.0
3759,North_Macedonia,MK,2020-02-15,0,0,MKD,2082958.0,0.0
1667,Estonia,EE,2020-02-15,0,0,EST,1320884.0,0.0
2185,Iceland,IS,2020-02-15,0,0,ISL,353574.0,0.0
1750,Finland,FI,2020-02-15,1,0,FIN,5518050.0,0.18122343943965713
5315,United_Kingdom,GB,2020-02-15,9,0,GBR,66488991.0,0.13536075468493725
1829,France,FR,2020-02-15,11,1,FRA,66987244.0,0.16421036817099088
3141,Luxembourg,LU,2020-02-15,0,0,LUX,607728.0,0.0
659,Belgium,BE,2020-02-15,1,0,BEL,11422068.0,0.08754982022519915
3388,Monaco,MC,2020-02-15,0,0,MCO,38682.0,0.0
1285,Czech_Republic,CZ,2020-02-15,0,0,CZE,10625695.0,0.0
4749,Spain,ES,2020-02-15,2,0,ESP,46723749.0,0.04280478435067357
4279,Romania,RO,2020-02-15,0,0,ROU,19473936.0,0.0
2723,Italy,IT,2020-02-15,3,0,ITA,60431283.0,0.049643162466036006
1370,Denmark,DK,2020-02-15,0,0,DNK,5797446.0,0.0
4353,Russia,RU,2020-02-15,2,0,RUS,144478050.0,0.01384293323449479
4983,Switzerland,CH,2020-02-15,0,0,CHE,8516543.0,0.0
1990,Germany,DE,2020-02-15,15,0,DEU,82927922.0,0.1808799694751787
3551,Netherlands,NL,2020-02-15,0,0,NLD,17231017.0,0.0
352,Austria,AT,2020-02-15,0,0,AUT,8847037.0,0.0
580,Belarus,BY,2020-02-15,0,0,BLR,9485386.0,0.0
4904,Sweden,SE,2020-02-15,1,0,SWE,10183175.0,0.09820119952765223
3069,Lithuania,LT,2020-02-15,0,0,LTU,2789533.0,0.0
4440,San_Marino,SM,2020-02-15,0,0,SMR,33785.0,0.0
4748,Spain,ES,2020-02-16,2,0,ESP,46723749.0,0.04280478435067357
351,Austria,AT,2020-02-16,0,0,AUT,8847037.0,0.0
3068,Lithuania,LT,2020-02-16,0,0,LTU,2789533.0,0.0
4439,San_Marino,SM,2020-02-16,0,0,SMR,33785.0,0.0
1284,Czech_Republic,CZ,2020-02-16,0,0,CZE,10625695.0,0.0
658,Belgium,BE,2020-02-16,1,0,BEL,11422068.0,0.08754982022519915
3758,North_Macedonia,MK,2020-02-16,0,0,MKD,2082958.0,0.0
3387,Monaco,MC,2020-02-16,0,0,MCO,38682.0,0.0
1194,Croatia,HR,2020-02-16,0,0,HRV,4089400.0,0.0
1666,Estonia,EE,2020-02-16,0,0,EST,1320884.0,0.0
3837,Norway,NO,2020-02-16,0,0,NOR,5314336.0,0.0
2722,Italy,IT,2020-02-16,3,0,ITA,60431283.0,0.049643162466036006
1749,Finland,FI,2020-02-16,1,0,FIN,5518050.0,0.18122343943965713
2184,Iceland,IS,2020-02-16,0,0,ISL,353574.0,0.0
4278,Romania,RO,2020-02-16,0,0,ROU,19473936.0,0.0
3550,Netherlands,NL,2020-02-16,0,0,NLD,17231017.0,0.0
4903,Sweden,SE,2020-02-16,1,0,SWE,10183175.0,0.09820119952765223
3140,Luxembourg,LU,2020-02-16,0,0,LUX,607728.0,0.0
1989,Germany,DE,2020-02-16,15,0,DEU,82927922.0,0.1808799694751787
1828,France,FR,2020-02-16,11,1,FRA,66987244.0,0.16421036817099088
4352,Russia,RU,2020-02-16,2,0,RUS,144478050.0,0.01384293323449479
4982,Switzerland,CH,2020-02-16,0,0,CHE,8516543.0,0.0
2567,Ireland,IE,2020-02-16,0,0,IRL,4853506.0,0.0
1369,Denmark,DK,2020-02-16,0,0,DNK,5797446.0,0.0
579,Belarus,BY,2020-02-16,0,0,BLR,9485386.0,0.0
5314,United_Kingdom,GB,2020-02-16,9,0,GBR,66488991.0,0.13536075468493725
4981,Switzerland,CH,2020-02-17,0,0,CHE,8516543.0,0.0
1988,Germany,DE,2020-02-17,15,0,DEU,82927922.0,0.1808799694751787
1748,Finland,FI,2020-02-17,1,0,FIN,5518050.0,0.18122343943965713
3549,Netherlands,NL,2020-02-17,0,0,NLD,17231017.0,0.0
2183,Iceland,IS,2020-02-17,0,0,ISL,353574.0,0.0
3386,Monaco,MC,2020-02-17,0,0,MCO,38682.0,0.0
4747,Spain,ES,2020-02-17,2,0,ESP,46723749.0,0.04280478435067357
578,Belarus,BY,2020-02-17,0,0,BLR,9485386.0,0.0
657,Belgium,BE,2020-02-17,1,0,BEL,11422068.0,0.08754982022519915
1665,Estonia,EE,2020-02-17,0,0,EST,1320884.0,0.0
1283,Czech_Republic,CZ,2020-02-17,0,0,CZE,10625695.0,0.0
4902,Sweden,SE,2020-02-17,1,0,SWE,10183175.0,0.09820119952765223
4438,San_Marino,SM,2020-02-17,0,0,SMR,33785.0,0.0
3836,Norway,NO,2020-02-17,0,0,NOR,5314336.0,0.0
3139,Luxembourg,LU,2020-02-17,0,0,LUX,607728.0,0.0
2566,Ireland,IE,2020-02-17,0,0,IRL,4853506.0,0.0
3757,North_Macedonia,MK,2020-02-17,0,0,MKD,2082958.0,0.0
4351,Russia,RU,2020-02-17,2,0,RUS,144478050.0,0.01384293323449479
1827,France,FR,2020-02-17,12,1,FRA,66987244.0,0.17913858345926278
5313,United_Kingdom,GB,2020-02-17,9,0,GBR,66488991.0,0.13536075468493725
350,Austria,AT,2020-02-17,0,0,AUT,8847037.0,0.0
1193,Croatia,HR,2020-02-17,0,0,HRV,4089400.0,0.0
4277,Romania,RO,2020-02-17,0,0,ROU,19473936.0,0.0
1368,Denmark,DK,2020-02-17,0,0,DNK,5797446.0,0.0
3067,Lithuania,LT,2020-02-17,0,0,LTU,2789533.0,0.0
2721,Italy,IT,2020-02-17,3,0,ITA,60431283.0,0.049643162466036006
2565,Ireland,IE,2020-02-18,0,0,IRL,4853506.0,0.0
4350,Russia,RU,2020-02-18,2,0,RUS,144478050.0,0.01384293323449479
1747,Finland,FI,2020-02-18,1,0,FIN,5518050.0,0.18122343943965713
1367,Denmark,DK,2020-02-18,0,0,DNK,5797446.0,0.0
4980,Switzerland,CH,2020-02-18,0,0,CHE,8516543.0,0.0
2182,Iceland,IS,2020-02-18,0,0,ISL,353574.0,0.0
2720,Italy,IT,2020-02-18,3,0,ITA,60431283.0,0.049643162466036006
3385,Monaco,MC,2020-02-18,0,0,MCO,38682.0,0.0
1826,France,FR,2020-02-18,12,1,FRA,66987244.0,0.17913858345926278
349,Austria,AT,2020-02-18,0,0,AUT,8847037.0,0.0
4746,Spain,ES,2020-02-18,2,0,ESP,46723749.0,0.04280478435067357
3066,Lithuania,LT,2020-02-18,0,0,LTU,2789533.0,0.0
1987,Germany,DE,2020-02-18,15,0,DEU,82927922.0,0.1808799694751787
3548,Netherlands,NL,2020-02-18,0,0,NLD,17231017.0,0.0
4276,Romania,RO,2020-02-18,0,0,ROU,19473936.0,0.0
656,Belgium,BE,2020-02-18,1,0,BEL,11422068.0,0.08754982022519915
3835,Norway,NO,2020-02-18,0,0,NOR,5314336.0,0.0
1664,Estonia,EE,2020-02-18,0,0,EST,1320884.0,0.0
4901,Sweden,SE,2020-02-18,1,0,SWE,10183175.0,0.09820119952765223
3138,Luxembourg,LU,2020-02-18,0,0,LUX,607728.0,0.0
577,Belarus,BY,2020-02-18,0,0,BLR,9485386.0,0.0
1192,Croatia,HR,2020-02-18,0,0,HRV,4089400.0,0.0
5312,United_Kingdom,GB,2020-02-18,9,0,GBR,66488991.0,0.13536075468493725
4437,San_Marino,SM,2020-02-18,0,0,SMR,33785.0,0.0
1282,Czech_Republic,CZ,2020-02-18,0,0,CZE,10625695.0,0.0
3756,North_Macedonia,MK,2020-02-18,0,0,MKD,2082958.0,0.0
1663,Estonia,EE,2020-02-19,0,0,EST,1320884.0,0.0
576,Belarus,BY,2020-02-19,0,0,BLR,9485386.0,0.0
4436,San_Marino,SM,2020-02-19,0,0,SMR,33785.0,0.0
3834,Norway,NO,2020-02-19,0,0,NOR,5314336.0,0.0
3137,Luxembourg,LU,2020-02-19,0,0,LUX,607728.0,0.0
4900,Sweden,SE,2020-02-19,1,0,SWE,10183175.0,0.09820119952765223
655,Belgium,BE,2020-02-19,1,0,BEL,11422068.0,0.08754982022519915
1191,Croatia,HR,2020-02-19,0,0,HRV,4089400.0,0.0
3755,North_Macedonia,MK,2020-02-19,0,0,MKD,2082958.0,0.0
1366,Denmark,DK,2020-02-19,0,0,DNK,5797446.0,0.0
4979,Switzerland,CH,2020-02-19,0,0,CHE,8516543.0,0.0
3065,Lithuania,LT,2020-02-19,0,0,LTU,2789533.0,0.0
1986,Germany,DE,2020-02-19,15,0,DEU,82927922.0,0.1808799694751787
1746,Finland,FI,2020-02-19,1,0,FIN,5518050.0,0.18122343943965713
1825,France,FR,2020-02-19,12,1,FRA,66987244.0,0.17913858345926278
3547,Netherlands,NL,2020-02-19,0,0,NLD,17231017.0,0.0
2719,Italy,IT,2020-02-19,3,0,ITA,60431283.0,0.049643162466036006
4275,Romania,RO,2020-02-19,0,0,ROU,19473936.0,0.0
4349,Russia,RU,2020-02-19,2,0,RUS,144478050.0,0.01384293323449479
2564,Ireland,IE,2020-02-19,0,0,IRL,4853506.0,0.0
2181,Iceland,IS,2020-02-19,0,0,ISL,353574.0,0.0
348,Austria,AT,2020-02-19,0,0,AUT,8847037.0,0.0
3384,Monaco,MC,2020-02-19,0,0,MCO,38682.0,0.0
5311,United_Kingdom,GB,2020-02-19,9,0,GBR,66488991.0,0.13536075468493725
4745,Spain,ES,2020-02-19,2,0,ESP,46723749.0,0.04280478435067357
1281,Czech_Republic,CZ,2020-02-19,0,0,CZE,10625695.0,0.0
4348,Russia,RU,2020-02-20,2,0,RUS,144478050.0,0.01384293323449479
4274,Romania,RO,2020-02-20,0,0,ROU,19473936.0,0.0
5310,United_Kingdom,GB,2020-02-20,9,0,GBR,66488991.0,0.13536075468493725
2718,Italy,IT,2020-02-20,3,0,ITA,60431283.0,0.049643162466036006
3546,Netherlands,NL,2020-02-20,0,0,NLD,17231017.0,0.0
1985,Germany,DE,2020-02-20,15,0,DEU,82927922.0,0.1808799694751787
4978,Switzerland,CH,2020-02-20,0,0,CHE,8516543.0,0.0
3064,Lithuania,LT,2020-02-20,0,0,LTU,2789533.0,0.0
4744,Spain,ES,2020-02-20,2,0,ESP,46723749.0,0.04280478435067357
1745,Finland,FI,2020-02-20,1,0,FIN,5518050.0,0.18122343943965713
1824,France,FR,2020-02-20,12,1,FRA,66987244.0,0.17913858345926278
347,Austria,AT,2020-02-20,0,0,AUT,8847037.0,0.0
1662,Estonia,EE,2020-02-20,0,0,EST,1320884.0,0.0
3383,Monaco,MC,2020-02-20,0,0,MCO,38682.0,0.0
4899,Sweden,SE,2020-02-20,1,0,SWE,10183175.0,0.09820119952765223
1190,Croatia,HR,2020-02-20,0,0,HRV,4089400.0,0.0
3136,Luxembourg,LU,2020-02-20,0,0,LUX,607728.0,0.0
575,Belarus,BY,2020-02-20,0,0,BLR,9485386.0,0.0
654,Belgium,BE,2020-02-20,1,0,BEL,11422068.0,0.08754982022519915
1280,Czech_Republic,CZ,2020-02-20,0,0,CZE,10625695.0,0.0
1365,Denmark,DK,2020-02-20,0,0,DNK,5797446.0,0.0
2563,Ireland,IE,2020-02-20,0,0,IRL,4853506.0,0.0
2180,Iceland,IS,2020-02-20,0,0,ISL,353574.0,0.0
3754,North_Macedonia,MK,2020-02-20,0,0,MKD,2082958.0,0.0
4435,San_Marino,SM,2020-02-20,0,0,SMR,33785.0,0.0
3833,Norway,NO,2020-02-20,0,0,NOR,5314336.0,0.0
653,Belgium,BE,2020-02-21,1,0,BEL,11422068.0,0.08754982022519915
4743,Spain,ES,2020-02-21,2,0,ESP,46723749.0,0.04280478435067357
4977,Switzerland,CH,2020-02-21,0,0,CHE,8516543.0,0.0
3753,North_Macedonia,MK,2020-02-21,0,0,MKD,2082958.0,0.0
4273,Romania,RO,2020-02-21,0,0,ROU,19473936.0,0.0
4347,Russia,RU,2020-02-21,2,0,RUS,144478050.0,0.01384293323449479
574,Belarus,BY,2020-02-21,0,0,BLR,9485386.0,0.0
5309,United_Kingdom,GB,2020-02-21,9,0,GBR,66488991.0,0.13536075468493725
4898,Sweden,SE,2020-02-21,1,0,SWE,10183175.0,0.09820119952765223
4434,San_Marino,SM,2020-02-21,0,0,SMR,33785.0,0.0
346,Austria,AT,2020-02-21,0,0,AUT,8847037.0,0.0
3545,Netherlands,NL,2020-02-21,0,0,NLD,17231017.0,0.0
1823,France,FR,2020-02-21,12,1,FRA,66987244.0,0.17913858345926278
3832,Norway,NO,2020-02-21,0,0,NOR,5314336.0,0.0
1279,Czech_Republic,CZ,2020-02-21,0,0,CZE,10625695.0,0.0
2717,Italy,IT,2020-02-21,3,0,ITA,60431283.0,0.049643162466036006
1364,Denmark,DK,2020-02-21,0,0,DNK,5797446.0,0.0
1984,Germany,DE,2020-02-21,15,0,DEU,82927922.0,0.1808799694751787
1744,Finland,FI,2020-02-21,1,0,FIN,5518050.0,0.18122343943965713
2562,Ireland,IE,2020-02-21,0,0,IRL,4853506.0,0.0
3382,Monaco,MC,2020-02-21,0,0,MCO,38682.0,0.0
3063,Lithuania,LT,2020-02-21,0,0,LTU,2789533.0,0.0
2179,Iceland,IS,2020-02-21,0,0,ISL,353574.0,0.0
3135,Luxembourg,LU,2020-02-21,0,0,LUX,607728.0,0.0
1189,Croatia,HR,2020-02-21,0,0,HRV,4089400.0,0.0
1661,Estonia,EE,2020-02-21,0,0,EST,1320884.0,0.0
3134,Luxembourg,LU,2020-02-22,0,0,LUX,607728.0,0.0
1660,Estonia,EE,2020-02-22,0,0,EST,1320884.0,0.0
1363,Denmark,DK,2020-02-22,0,0,DNK,5797446.0,0.0
2716,Italy,IT,2020-02-22,17,0,ITA,60431283.0,0.28131125397420403
1983,Germany,DE,2020-02-22,15,0,DEU,82927922.0,0.1808799694751787
573,Belarus,BY,2020-02-22,0,0,BLR,9485386.0,0.0
4433,San_Marino,SM,2020-02-22,0,0,SMR,33785.0,0.0
1743,Finland,FI,2020-02-22,1,0,FIN,5518050.0,0.18122343943965713
4742,Spain,ES,2020-02-22,2,0,ESP,46723749.0,0.04280478435067357
2178,Iceland,IS,2020-02-22,0,0,ISL,353574.0,0.0
3381,Monaco,MC,2020-02-22,0,0,MCO,38682.0,0.0
3831,Norway,NO,2020-02-22,0,0,NOR,5314336.0,0.0
2561,Ireland,IE,2020-02-22,0,0,IRL,4853506.0,0.0
1278,Czech_Republic,CZ,2020-02-22,0,0,CZE,10625695.0,0.0
1188,Croatia,HR,2020-02-22,0,0,HRV,4089400.0,0.0
4976,Switzerland,CH,2020-02-22,0,0,CHE,8516543.0,0.0
3752,North_Macedonia,MK,2020-02-22,0,0,MKD,2082958.0,0.0
652,Belgium,BE,2020-02-22,1,0,BEL,11422068.0,0.08754982022519915
345,Austria,AT,2020-02-22,0,0,AUT,8847037.0,0.0
3062,Lithuania,LT,2020-02-22,0,0,LTU,2789533.0,0.0
3544,Netherlands,NL,2020-02-22,0,0,NLD,17231017.0,0.0
4897,Sweden,SE,2020-02-22,1,0,SWE,10183175.0,0.09820119952765223
4272,Romania,RO,2020-02-22,0,0,ROU,19473936.0,0.0
4346,Russia,RU,2020-02-22,2,0,RUS,144478050.0,0.01384293323449479
5308,United_Kingdom,GB,2020-02-22,9,0,GBR,66488991.0,0.13536075468493725
1822,France,FR,2020-02-22,12,1,FRA,66987244.0,0.17913858345926278
344,Austria,AT,2020-02-23,0,0,AUT,8847037.0,0.0
4432,San_Marino,SM,2020-02-23,0,0,SMR,33785.0,0.0
4896,Sweden,SE,2020-02-23,1,0,SWE,10183175.0,0.09820119952765223
3830,Norway,NO,2020-02-23,0,0,NOR,5314336.0,0.0
5307,United_Kingdom,GB,2020-02-23,9,0,GBR,66488991.0,0.13536075468493725
1187,Croatia,HR,2020-02-23,0,0,HRV,4089400.0,0.0
3751,North_Macedonia,MK,2020-02-23,0,0,MKD,2082958.0,0.0
572,Belarus,BY,2020-02-23,0,0,BLR,9485386.0,0.0
3133,Luxembourg,LU,2020-02-23,0,0,LUX,607728.0,0.0
2177,Iceland,IS,2020-02-23,0,0,ISL,353574.0,0.0
1821,France,FR,2020-02-23,12,1,FRA,66987244.0,0.17913858345926278
1659,Estonia,EE,2020-02-23,0,0,EST,1320884.0,0.0
4741,Spain,ES,2020-02-23,2,0,ESP,46723749.0,0.04280478435067357
1742,Finland,FI,2020-02-23,1,0,FIN,5518050.0,0.18122343943965713
1982,Germany,DE,2020-02-23,15,0,DEU,82927922.0,0.1808799694751787
1362,Denmark,DK,2020-02-23,0,0,DNK,5797446.0,0.0
2715,Italy,IT,2020-02-23,79,2,ITA,60431283.0,1.3072699449389482
3543,Netherlands,NL,2020-02-23,0,0,NLD,17231017.0,0.0
1277,Czech_Republic,CZ,2020-02-23,0,0,CZE,10625695.0,0.0
3061,Lithuania,LT,2020-02-23,0,0,LTU,2789533.0,0.0
4345,Russia,RU,2020-02-23,2,0,RUS,144478050.0,0.01384293323449479
4975,Switzerland,CH,2020-02-23,0,0,CHE,8516543.0,0.0
651,Belgium,BE,2020-02-23,1,0,BEL,11422068.0,0.08754982022519915
3380,Monaco,MC,2020-02-23,0,0,MCO,38682.0,0.0
4271,Romania,RO,2020-02-23,0,0,ROU,19473936.0,0.0
2560,Ireland,IE,2020-02-23,0,0,IRL,4853506.0,0.0
2714,Italy,IT,2020-02-24,132,2,ITA,60431283.0,2.1842991485055845
3132,Luxembourg,LU,2020-02-24,0,0,LUX,607728.0,0.0
3542,Netherlands,NL,2020-02-24,0,0,NLD,17231017.0,0.0
1820,France,FR,2020-02-24,12,1,FRA,66987244.0,0.17913858345926278
343,Austria,AT,2020-02-24,0,0,AUT,8847037.0,0.0
4344,Russia,RU,2020-02-24,2,0,RUS,144478050.0,0.01384293323449479
5306,United_Kingdom,GB,2020-02-24,13,0,GBR,66488991.0,0.1955210901004649
1276,Czech_Republic,CZ,2020-02-24,0,0,CZE,10625695.0,0.0
4895,Sweden,SE,2020-02-24,1,0,SWE,10183175.0,0.09820119952765223
650,Belgium,BE,2020-02-24,1,0,BEL,11422068.0,0.08754982022519915
3060,Lithuania,LT,2020-02-24,0,0,LTU,2789533.0,0.0
1186,Croatia,HR,2020-02-24,0,0,HRV,4089400.0,0.0
4974,Switzerland,CH,2020-02-24,0,0,CHE,8516543.0,0.0
3750,North_Macedonia,MK,2020-02-24,0,0,MKD,2082958.0,0.0
1361,Denmark,DK,2020-02-24,0,0,DNK,5797446.0,0.0
4740,Spain,ES,2020-02-24,2,0,ESP,46723749.0,0.04280478435067357
1741,Finland,FI,2020-02-24,1,0,FIN,5518050.0,0.18122343943965713
2176,Iceland,IS,2020-02-24,0,0,ISL,353574.0,0.0
3829,Norway,NO,2020-02-24,0,0,NOR,5314336.0,0.0
4431,San_Marino,SM,2020-02-24,0,0,SMR,33785.0,0.0
4270,Romania,RO,2020-02-24,0,0,ROU,19473936.0,0.0
3379,Monaco,MC,2020-02-24,0,0,MCO,38682.0,0.0
2559,Ireland,IE,2020-02-24,0,0,IRL,4853506.0,0.0
1658,Estonia,EE,2020-02-24,0,0,EST,1320884.0,0.0
571,Belarus,BY,2020-02-24,0,0,BLR,9485386.0,0.0
1981,Germany,DE,2020-02-24,15,0,DEU,82927922.0,0.1808799694751787
1275,Czech_Republic,CZ,2020-02-25,0,0,CZE,10625695.0,0.0
3828,Norway,NO,2020-02-25,0,0,NOR,5314336.0,0.0
3059,Lithuania,LT,2020-02-25,0,0,LTU,2789533.0,0.0
2175,Iceland,IS,2020-02-25,0,0,ISL,353574.0,0.0
1819,France,FR,2020-02-25,12,1,FRA,66987244.0,0.17913858345926278
649,Belgium,BE,2020-02-25,1,0,BEL,11422068.0,0.08754982022519915
4739,Spain,ES,2020-02-25,3,0,ESP,46723749.0,0.06420717652601036
3131,Luxembourg,LU,2020-02-25,0,0,LUX,607728.0,0.0
1657,Estonia,EE,2020-02-25,0,0,EST,1320884.0,0.0
570,Belarus,BY,2020-02-25,0,0,BLR,9485386.0,0.0
4343,Russia,RU,2020-02-25,2,0,RUS,144478050.0,0.01384293323449479
4973,Switzerland,CH,2020-02-25,0,0,CHE,8516543.0,0.0
2713,Italy,IT,2020-02-25,229,6,ITA,60431283.0,3.7894280682407486
1360,Denmark,DK,2020-02-25,0,0,DNK,5797446.0,0.0
1980,Germany,DE,2020-02-25,15,0,DEU,82927922.0,0.1808799694751787
4430,San_Marino,SM,2020-02-25,0,0,SMR,33785.0,0.0
1740,Finland,FI,2020-02-25,1,0,FIN,5518050.0,0.18122343943965713
4894,Sweden,SE,2020-02-25,1,0,SWE,10183175.0,0.09820119952765223
3378,Monaco,MC,2020-02-25,0,0,MCO,38682.0,0.0
2558,Ireland,IE,2020-02-25,0,0,IRL,4853506.0,0.0
3541,Netherlands,NL,2020-02-25,0,0,NLD,17231017.0,0.0
4269,Romania,RO,2020-02-25,0,0,ROU,19473936.0,0.0
3749,North_Macedonia,MK,2020-02-25,0,0,MKD,2082958.0,0.0
5305,United_Kingdom,GB,2020-02-25,13,0,GBR,66488991.0,0.1955210901004649
342,Austria,AT,2020-02-25,0,0,AUT,8847037.0,0.0
1185,Croatia,HR,2020-02-25,0,0,HRV,4089400.0,0.0
3377,Monaco,MC,2020-02-26,0,0,MCO,38682.0,0.0
341,Austria,AT,2020-02-26,2,0,AUT,8847037.0,0.22606438743276422
1359,Denmark,DK,2020-02-26,0,0,DNK,5797446.0,0.0
4738,Spain,ES,2020-02-26,7,0,ESP,46723749.0,0.14981674522735752
4268,Romania,RO,2020-02-26,0,0,ROU,19473936.0,0.0
1979,Germany,DE,2020-02-26,17,0,DEU,82927922.0,0.20499729873853587
3058,Lithuania,LT,2020-02-26,0,0,LTU,2789533.0,0.0
4342,Russia,RU,2020-02-26,2,0,RUS,144478050.0,0.01384293323449479
1274,Czech_Republic,CZ,2020-02-26,0,0,CZE,10625695.0,0.0
2557,Ireland,IE,2020-02-26,0,0,IRL,4853506.0,0.0
1739,Finland,FI,2020-02-26,1,0,FIN,5518050.0,0.18122343943965713
2712,Italy,IT,2020-02-26,322,11,ITA,60431283.0,5.328366104687865
3540,Netherlands,NL,2020-02-26,0,0,NLD,17231017.0,0.0
4972,Switzerland,CH,2020-02-26,1,0,CHE,8516543.0,0.11741853472706003
648,Belgium,BE,2020-02-26,1,0,BEL,11422068.0,0.08754982022519915
5304,United_Kingdom,GB,2020-02-26,13,0,GBR,66488991.0,0.1955210901004649
1184,Croatia,HR,2020-02-26,1,0,HRV,4089400.0,0.24453465055998433
2174,Iceland,IS,2020-02-26,0,0,ISL,353574.0,0.0
1818,France,FR,2020-02-26,14,1,FRA,66987244.0,0.20899501403580656
1656,Estonia,EE,2020-02-26,0,0,EST,1320884.0,0.0
3748,North_Macedonia,MK,2020-02-26,0,0,MKD,2082958.0,0.0
569,Belarus,BY,2020-02-26,0,0,BLR,9485386.0,0.0
4893,Sweden,SE,2020-02-26,1,0,SWE,10183175.0,0.09820119952765223
4429,San_Marino,SM,2020-02-26,0,0,SMR,33785.0,0.0
3130,Luxembourg,LU,2020-02-26,0,0,LUX,607728.0,0.0
3827,Norway,NO,2020-02-26,0,0,NOR,5314336.0,0.0
2556,Ireland,IE,2020-02-27,0,0,IRL,4853506.0,0.0
4267,Romania,RO,2020-02-27,1,0,ROU,19473936.0,0.051350687400841824
5303,United_Kingdom,GB,2020-02-27,13,0,GBR,66488991.0,0.1955210901004649
2711,Italy,IT,2020-02-27,400,12,ITA,60431283.0,6.619088328804802
1817,France,FR,2020-02-27,17,2,FRA,66987244.0,0.25377965990062223
4428,San_Marino,SM,2020-02-27,0,0,SMR,33785.0,0.0
4341,Russia,RU,2020-02-27,2,0,RUS,144478050.0,0.01384293323449479
1358,Denmark,DK,2020-02-27,1,0,DNK,5797446.0,0.17248974807182335
1273,Czech_Republic,CZ,2020-02-27,0,0,CZE,10625695.0,0.0
568,Belarus,BY,2020-02-27,0,0,BLR,9485386.0,0.0
3129,Luxembourg,LU,2020-02-27,0,0,LUX,607728.0,0.0
4971,Switzerland,CH,2020-02-27,1,0,CHE,8516543.0,0.11741853472706003
1738,Finland,FI,2020-02-27,2,0,FIN,5518050.0,0.36244687887931426
4892,Sweden,SE,2020-02-27,2,0,SWE,10183175.0,0.19640239905530446
3376,Monaco,MC,2020-02-27,0,0,MCO,38682.0,0.0
340,Austria,AT,2020-02-27,2,0,AUT,8847037.0,0.22606438743276422
2173,Iceland,IS,2020-02-27,0,0,ISL,353574.0,0.0
647,Belgium,BE,2020-02-27,1,0,BEL,11422068.0,0.08754982022519915
4737,Spain,ES,2020-02-27,12,0,ESP,46723749.0,0.25682870610404146
3057,Lithuania,LT,2020-02-27,0,0,LTU,2789533.0,0.0
3539,Netherlands,NL,2020-02-27,0,0,NLD,17231017.0,0.0
1183,Croatia,HR,2020-02-27,2,0,HRV,4089400.0,0.48906930111996866
1655,Estonia,EE,2020-02-27,0,0,EST,1320884.0,0.0
1978,Germany,DE,2020-02-27,21,0,DEU,82927922.0,0.2532319572652502
3826,Norway,NO,2020-02-27,1,0,NOR,5314336.0,0.18817026247493573
3747,North_Macedonia,MK,2020-02-27,1,0,MKD,2082958.0,0.4800864923824676
3746,North_Macedonia,MK,2020-02-28,1,0,MKD,2082958.0,0.4800864923824676
1654,Estonia,EE,2020-02-28,1,0,EST,1320884.0,0.7570687509274092
5302,United_Kingdom,GB,2020-02-28,16,0,GBR,66488991.0,0.24064134166211065
646,Belgium,BE,2020-02-28,1,0,BEL,11422068.0,0.08754982022519915
2172,Iceland,IS,2020-02-28,0,0,ISL,353574.0,0.0
1977,Germany,DE,2020-02-28,47,0,DEU,82927922.0,0.5667572376888933
4266,Romania,RO,2020-02-28,1,0,ROU,19473936.0,0.051350687400841824
3538,Netherlands,NL,2020-02-28,1,0,NLD,17231017.0,0.05803487977523323
339,Austria,AT,2020-02-28,5,0,AUT,8847037.0,0.5651609685819106
4340,Russia,RU,2020-02-28,2,0,RUS,144478050.0,0.01384293323449479
2710,Italy,IT,2020-02-28,650,17,ITA,60431283.0,10.756018534307803
4970,Switzerland,CH,2020-02-28,8,0,CHE,8516543.0,0.9393482778164802
1357,Denmark,DK,2020-02-28,1,0,DNK,5797446.0,0.17248974807182335
3375,Monaco,MC,2020-02-28,0,0,MCO,38682.0,0.0
2555,Ireland,IE,2020-02-28,0,0,IRL,4853506.0,0.0
4891,Sweden,SE,2020-02-28,7,0,SWE,10183175.0,0.6874083966935656
4427,San_Marino,SM,2020-02-28,1,0,SMR,33785.0,29.598934438360217
1182,Croatia,HR,2020-02-28,3,0,HRV,4089400.0,0.733603951679953
567,Belarus,BY,2020-02-28,1,0,BLR,9485386.0,0.10542533535272049
1816,France,FR,2020-02-28,38,2,FRA,66987244.0,0.5672721809543321
1737,Finland,FI,2020-02-28,2,0,FIN,5518050.0,0.36244687887931426
3128,Luxembourg,LU,2020-02-28,0,0,LUX,607728.0,0.0
4736,Spain,ES,2020-02-28,25,0,ESP,46723749.0,0.5350598043834197
3056,Lithuania,LT,2020-02-28,1,0,LTU,2789533.0,0.35848294320232094
3825,Norway,NO,2020-02-28,4,0,NOR,5314336.0,0.7526810498997429
1272,Czech_Republic,CZ,2020-02-28,0,0,CZE,10625695.0,0.0
4426,San_Marino,SM,2020-02-29,1,0,SMR,33785.0,29.598934438360217
1181,Croatia,HR,2020-02-29,5,0,HRV,4089400.0,1.2226732527999216
1976,Germany,DE,2020-02-29,57,0,DEU,82927922.0,0.6873438840056791
566,Belarus,BY,2020-02-29,1,0,BLR,9485386.0,0.10542533535272049
1736,Finland,FI,2020-02-29,3,0,FIN,5518050.0,0.5436703183189714
1653,Estonia,EE,2020-02-29,1,0,EST,1320884.0,0.7570687509274092
3745,North_Macedonia,MK,2020-02-29,1,0,MKD,2082958.0,0.4800864923824676
4890,Sweden,SE,2020-02-29,12,0,SWE,10183175.0,1.1784143943318268
3537,Netherlands,NL,2020-02-29,2,0,NLD,17231017.0,0.11606975955046646
338,Austria,AT,2020-02-29,7,0,AUT,8847037.0,0.7912253560146747
4339,Russia,RU,2020-02-29,2,0,RUS,144478050.0,0.01384293323449479
3055,Lithuania,LT,2020-02-29,1,0,LTU,2789533.0,0.35848294320232094
2709,Italy,IT,2020-02-29,888,21,ITA,60431283.0,14.694376089946658
1815,France,FR,2020-02-29,57,2,FRA,66987244.0,0.8509082714314982
1271,Czech_Republic,CZ,2020-02-29,0,0,CZE,10625695.0,0.0
1356,Denmark,DK,2020-02-29,2,0,DNK,5797446.0,0.3449794961436467
4265,Romania,RO,2020-02-29,3,0,ROU,19473936.0,0.15405206220252549
3374,Monaco,MC,2020-02-29,1,0,MCO,38682.0,25.851817382762007
2554,Ireland,IE,2020-02-29,0,0,IRL,4853506.0,0.0
4969,Switzerland,CH,2020-02-29,12,0,CHE,8516543.0,1.4090224167247203
4735,Spain,ES,2020-02-29,34,0,ESP,46723749.0,0.7276813339614507
2171,Iceland,IS,2020-02-29,1,0,ISL,353574.0,2.828262259102762
5301,United_Kingdom,GB,2020-02-29,18,0,GBR,66488991.0,0.2707215093698745
645,Belgium,BE,2020-02-29,1,0,BEL,11422068.0,0.08754982022519915
3824,Norway,NO,2020-02-29,6,0,NOR,5314336.0,1.1290215748496144
3127,Luxembourg,LU,2020-02-29,0,0,LUX,607728.0,0.0
4425,San_Marino,SM,2020-03-01,1,0,SMR,33785.0,29.598934438360217
4338,Russia,RU,2020-03-01,2,0,RUS,144478050.0,0.01384293323449479
3054,Lithuania,LT,2020-03-01,1,0,LTU,2789533.0,0.35848294320232094
337,Austria,AT,2020-03-01,10,0,AUT,8847037.0,1.1303219371638211
565,Belarus,BY,2020-03-01,1,0,BLR,9485386.0,0.10542533535272049
1180,Croatia,HR,2020-03-01,5,0,HRV,4089400.0,1.2226732527999216
3373,Monaco,MC,2020-03-01,1,0,MCO,38682.0,25.851817382762007
2553,Ireland,IE,2020-03-01,1,0,IRL,4853506.0,0.20603662589476554
1355,Denmark,DK,2020-03-01,3,0,DNK,5797446.0,0.51746924421547
644,Belgium,BE,2020-03-01,1,0,BEL,11422068.0,0.08754982022519915
1814,France,FR,2020-03-01,100,2,FRA,66987244.0,1.4928215288271898
4734,Spain,ES,2020-03-01,66,0,ESP,46723749.0,1.412557883572228
4889,Sweden,SE,2020-03-01,13,0,SWE,10183175.0,1.276615593859479
2708,Italy,IT,2020-03-01,1128,29,ITA,60431283.0,18.66582908722954
4968,Switzerland,CH,2020-03-01,18,0,CHE,8516543.0,2.11353362508708
3744,North_Macedonia,MK,2020-03-01,1,0,MKD,2082958.0,0.4800864923824676
3823,Norway,NO,2020-03-01,15,0,NOR,5314336.0,2.822553937124036
4264,Romania,RO,2020-03-01,3,0,ROU,19473936.0,0.15405206220252549
1652,Estonia,EE,2020-03-01,1,0,EST,1320884.0,0.7570687509274092
1975,Germany,DE,2020-03-01,111,0,DEU,82927922.0,1.3385117741163224
3536,Netherlands,NL,2020-03-01,7,0,NLD,17231017.0,0.4062441584266326
2170,Iceland,IS,2020-03-01,1,0,ISL,353574.0,2.828262259102762
1735,Finland,FI,2020-03-01,3,0,FIN,5518050.0,0.5436703183189714
5300,United_Kingdom,GB,2020-03-01,23,0,GBR,66488991.0,0.34592192863928406
1270,Czech_Republic,CZ,2020-03-01,0,0,CZE,10625695.0,0.0
3126,Luxembourg,LU,2020-03-01,1,0,LUX,607728.0,1.6454729747518626
1354,Denmark,DK,2020-03-02,4,0,DNK,5797446.0,0.6899589922872934
643,Belgium,BE,2020-03-02,2,0,BEL,11422068.0,0.1750996404503983
4967,Switzerland,CH,2020-03-02,24,0,CHE,8516543.0,2.8180448334494406
1734,Finland,FI,2020-03-02,6,0,FIN,5518050.0,1.0873406366379428
1974,Germany,DE,2020-03-02,129,0,DEU,82927922.0,1.5555677374865369
3053,Lithuania,LT,2020-03-02,1,0,LTU,2789533.0,0.35848294320232094
1269,Czech_Republic,CZ,2020-03-02,3,0,CZE,10625695.0,0.28233447318034255
4337,Russia,RU,2020-03-02,2,0,RUS,144478050.0,0.01384293323449479
336,Austria,AT,2020-03-02,14,0,AUT,8847037.0,1.5824507120293494
3535,Netherlands,NL,2020-03-02,13,0,NLD,17231017.0,0.7544534370780319
4263,Romania,RO,2020-03-02,3,0,ROU,19473936.0,0.15405206220252549
2707,Italy,IT,2020-03-02,1689,35,ITA,60431283.0,27.949100468378273
1813,France,FR,2020-03-02,130,2,FRA,66987244.0,1.9406679874753467
3822,Norway,NO,2020-03-02,19,0,NOR,5314336.0,3.5752349870237787
3372,Monaco,MC,2020-03-02,1,0,MCO,38682.0,25.851817382762007
3743,North_Macedonia,MK,2020-03-02,1,0,MKD,2082958.0,0.4800864923824676
4424,San_Marino,SM,2020-03-02,8,1,SMR,33785.0,236.79147550688174
1651,Estonia,EE,2020-03-02,1,0,EST,1320884.0,0.7570687509274092
1179,Croatia,HR,2020-03-02,7,0,HRV,4089400.0,1.7117425539198903
4888,Sweden,SE,2020-03-02,14,0,SWE,10183175.0,1.3748167933871311
2169,Iceland,IS,2020-03-02,3,0,ISL,353574.0,8.484786777308287
4733,Spain,ES,2020-03-02,83,0,ESP,46723749.0,1.7763985505529534
564,Belarus,BY,2020-03-02,1,0,BLR,9485386.0,0.10542533535272049
3125,Luxembourg,LU,2020-03-02,1,0,LUX,607728.0,1.6454729747518626
5299,United_Kingdom,GB,2020-03-02,36,0,GBR,66488991.0,0.541443018739749
2552,Ireland,IE,2020-03-02,1,0,IRL,4853506.0,0.20603662589476554
5298,United_Kingdom,GB,2020-03-03,40,0,GBR,66488991.0,0.6016033541552767
642,Belgium,BE,2020-03-03,8,0,BEL,11422068.0,0.7003985618015932
1268,Czech_Republic,CZ,2020-03-03,5,0,CZE,10625695.0,0.4705574553005709
335,Austria,AT,2020-03-03,18,0,AUT,8847037.0,2.0345794868948777
157,Andorra,AD,2020-03-03,1,0,AND,77006.0,12.986001090824091
1812,France,FR,2020-03-03,178,3,FRA,66987244.0,2.6572223213123976
3534,Netherlands,NL,2020-03-03,18,0,NLD,17231017.0,1.044627835954198
1973,Germany,DE,2020-03-03,157,0,DEU,82927922.0,1.893210347173537
3821,Norway,NO,2020-03-03,25,0,NOR,5314336.0,4.704256561873393
2168,Iceland,IS,2020-03-03,6,0,ISL,353574.0,16.969573554616574
1178,Croatia,HR,2020-03-03,8,0,HRV,4089400.0,1.9562772044798746
4966,Switzerland,CH,2020-03-03,30,0,CHE,8516543.0,3.5225560418118005
4732,Spain,ES,2020-03-03,114,0,ESP,46723749.0,2.439872707988394
4887,Sweden,SE,2020-03-03,15,0,SWE,10183175.0,1.4730179929147833
4173,Portugal,PT,2020-03-03,2,0,PRT,10281762.0,0.19451918844260352
2706,Italy,IT,2020-03-03,1835,52,ITA,60431283.0,30.365067708392026
1353,Denmark,DK,2020-03-03,5,0,DNK,5797446.0,0.8624487403591168
2960,Latvia,LV,2020-03-03,1,0,LVA,1926542.0,0.5190647284097621
4336,Russia,RU,2020-03-03,3,0,RUS,144478050.0,0.020764399851742187
2167,Iceland,IS,2020-03-04,16,0,ISL,353574.0,45.25219614564419
4731,Spain,ES,2020-03-04,151,0,ESP,46723749.0,3.231761218475855
1972,Germany,DE,2020-03-04,196,0,DEU,82927922.0,2.363498267809002
2551,Ireland,IE,2020-03-04,2,0,IRL,4853506.0,0.4120732517895311
563,Belarus,BY,2020-03-04,4,0,BLR,9485386.0,0.42170134141088195
641,Belgium,BE,2020-03-04,13,0,BEL,11422068.0,1.138147662927589
1733,Finland,FI,2020-03-04,7,0,FIN,5518050.0,1.2685640760776
4886,Sweden,SE,2020-03-04,24,0,SWE,10183175.0,2.3568287886636536
5209,Ukraine,UA,2020-03-04,1,0,UKR,44622516.0,0.0224102110244075
1811,France,FR,2020-03-04,212,4,FRA,66987244.0,3.1647816411136422
4423,San_Marino,SM,2020-03-04,10,1,SMR,33785.0,295.98934438360214
5297,United_Kingdom,GB,2020-03-04,51,0,GBR,66488991.0,0.7670442765479777
4335,Russia,RU,2020-03-04,4,0,RUS,144478050.0,0.02768586646898958
4965,Switzerland,CH,2020-03-04,37,0,CHE,8516543.0,4.344485784901221
1650,Estonia,EE,2020-03-04,2,0,EST,1320884.0,1.5141375018548184
4262,Romania,RO,2020-03-04,4,0,ROU,19473936.0,0.2054027496033673
1352,Denmark,DK,2020-03-04,8,0,DNK,5797446.0,1.3799179845745868
4172,Portugal,PT,2020-03-04,4,0,PRT,10281762.0,0.38903837688520704
2705,Italy,IT,2020-03-04,2502,80,ITA,60431283.0,41.402397496674034
3533,Netherlands,NL,2020-03-04,28,0,NLD,17231017.0,1.6249766337065303
4157,Poland,PL,2020-03-04,1,0,POL,37978548.0,0.026330653820677924
3820,Norway,NO,2020-03-04,33,0,NOR,5314336.0,6.209618661672879
1267,Czech_Republic,CZ,2020-03-04,5,0,CZE,10625695.0,0.4705574553005709
1177,Croatia,HR,2020-03-04,9,0,HRV,4089400.0,2.2008118550398588
334,Austria,AT,2020-03-04,24,0,AUT,8847037.0,2.7127726491931705
5296,United_Kingdom,GB,2020-03-05,85,0,GBR,66488991.0,1.2784071275799629
4422,San_Marino,SM,2020-03-05,15,1,SMR,33785.0,443.98401657540325
2166,Iceland,IS,2020-03-05,26,0,ISL,353574.0,73.53481873667181
1810,France,FR,2020-03-05,285,4,FRA,66987244.0,4.254541357157491
640,Belgium,BE,2020-03-05,23,0,BEL,11422068.0,2.0136458651795803
562,Belarus,BY,2020-03-05,6,0,BLR,9485386.0,0.632552012116323
2704,Italy,IT,2020-03-05,3089,107,ITA,60431283.0,51.11590961919508
4171,Portugal,PT,2020-03-05,5,0,PRT,10281762.0,0.48629797110650874
2550,Ireland,IE,2020-03-05,6,0,IRL,4853506.0,1.2362197553685932
2152,Hungary,HU,2020-03-05,2,0,HUN,9768785.0,0.20473375143377606
4885,Sweden,SE,2020-03-05,35,0,SWE,10183175.0,3.437041983467828
4624,Slovenia,SI,2020-03-05,1,0,SVN,2067372.0,0.48370588360488576
333,Austria,AT,2020-03-05,29,0,AUT,8847037.0,3.277933617775081
3819,Norway,NO,2020-03-05,56,0,NOR,5314336.0,10.537534698596401
4730,Spain,ES,2020-03-05,200,1,ESP,46723749.0,4.280478435067358
3045,Liechtenstein,LI,2020-03-05,1,0,LIE,37910.0,26.37826431020839
4964,Switzerland,CH,2020-03-05,57,0,CHE,8516543.0,6.692856479442422
1971,Germany,DE,2020-03-05,262,0,DEU,82927922.0,3.159370133499788
1351,Denmark,DK,2020-03-05,10,0,DNK,5797446.0,1.7248974807182336
1266,Czech_Republic,CZ,2020-03-05,8,0,CZE,10625695.0,0.7528919284809135
3532,Netherlands,NL,2020-03-05,38,0,NLD,17231017.0,2.2053254314588626
4729,Spain,ES,2020-03-06,261,3,ESP,46723749.0,5.586024357762901
1649,Estonia,EE,2020-03-06,5,0,EST,1320884.0,3.7853437546370463
724,Bosnia_and_Herzegovina,BA,2020-03-06,2,0,BIH,3323929.0,0.6016975693524139
639,Belgium,BE,2020-03-06,50,0,BEL,11422068.0,4.377491011259957
1350,Denmark,DK,2020-03-06,20,0,DNK,5797446.0,3.449794961436467
2165,Iceland,IS,2020-03-06,35,0,ISL,353574.0,98.98917906859667
4421,San_Marino,SM,2020-03-06,22,1,SMR,33785.0,651.1765576439248
332,Austria,AT,2020-03-06,41,0,AUT,8847037.0,4.634319942371667
1265,Czech_Republic,CZ,2020-03-06,12,0,CZE,10625695.0,1.1293378927213702
3818,Norway,NO,2020-03-06,86,0,NOR,5314336.0,16.182642572844472
1176,Croatia,HR,2020-03-06,10,0,HRV,4089400.0,2.445346505599843
1809,France,FR,2020-03-06,423,7,FRA,66987244.0,6.3146350669390126
3531,Netherlands,NL,2020-03-06,82,0,NLD,17231017.0,4.758860141569125
4623,Slovenia,SI,2020-03-06,6,0,SVN,2067372.0,2.9022353016293145
4170,Portugal,PT,2020-03-06,9,0,PRT,10281762.0,0.8753363479917158
2703,Italy,IT,2020-03-06,3858,148,ITA,60431283.0,63.84110693132231
2549,Ireland,IE,2020-03-06,13,0,IRL,4853506.0,2.6784761366319523
1970,Germany,DE,2020-03-06,400,0,DEU,82927922.0,4.823465852671432
4884,Sweden,SE,2020-03-06,61,0,SWE,10183175.0,5.990273171186786
1732,Finland,FI,2020-03-06,12,0,FIN,5518050.0,2.1746812732758856
5295,United_Kingdom,GB,2020-03-06,115,1,GBR,66488991.0,1.7296096431964203
4261,Romania,RO,2020-03-06,6,0,ROU,19473936.0,0.30810412440505097
4963,Switzerland,CH,2020-03-06,87,1,CHE,8516543.0,10.215412521254223
1349,Denmark,DK,2020-03-07,23,0,DNK,5797446.0,3.9672642056519374
4962,Switzerland,CH,2020-03-07,209,1,CHE,8516543.0,24.540473757955546
5294,United_Kingdom,GB,2020-03-07,163,1,GBR,66488991.0,2.451533668182752
331,Austria,AT,2020-03-07,74,0,AUT,8847037.0,8.364382335012275
3817,Norway,NO,2020-03-07,113,0,NOR,5314336.0,21.263239659667736
3530,Netherlands,NL,2020-03-07,128,1,NLD,17231017.0,7.428464611229853
4260,Romania,RO,2020-03-07,7,0,ROU,19473936.0,0.3594548118058928
1731,Finland,FI,2020-03-07,19,0,FIN,5518050.0,3.4432453493534854
4728,Spain,ES,2020-03-07,374,5,ESP,46723749.0,8.004494673575959
1969,Germany,DE,2020-03-07,684,0,DEU,82927922.0,8.24812660806815
1264,Czech_Republic,CZ,2020-03-07,19,0,CZE,10625695.0,1.7881183301421695
3124,Luxembourg,LU,2020-03-07,3,0,LUX,607728.0,4.936418924255587
4334,Russia,RU,2020-03-07,10,0,RUS,144478050.0,0.06921466617247395
3742,North_Macedonia,MK,2020-03-07,3,0,MKD,2082958.0,1.4402594771474029
4169,Portugal,PT,2020-03-07,13,0,PRT,10281762.0,1.2643747248769228
2134,Holy_See,VA,2020-03-07,1,0,VAT,,
1648,Estonia,EE,2020-03-07,10,0,EST,1320884.0,7.570687509274093
2151,Hungary,HU,2020-03-07,4,0,HUN,9768785.0,0.4094675028675521
2548,Ireland,IE,2020-03-07,18,0,IRL,4853506.0,3.7086592661057796
1808,France,FR,2020-03-07,613,9,FRA,66987244.0,9.150995971710673
4156,Poland,PL,2020-03-07,5,0,POL,37978548.0,0.13165326910338962
4517,Serbia,RS,2020-03-07,1,0,SRB,6982084.0,0.14322371372214943
1175,Croatia,HR,2020-03-07,11,0,HRV,4089400.0,2.6898811561598275
4611,Slovakia,SK,2020-03-07,1,0,SVK,5447011.0,0.18358692501263538
638,Belgium,BE,2020-03-07,109,0,BEL,11422068.0,9.542930404546707
4883,Sweden,SE,2020-03-07,137,0,SWE,10183175.0,13.453564335288355
4622,Slovenia,SI,2020-03-07,9,0,SVN,2067372.0,4.353352952443972
2702,Italy,IT,2020-03-07,4636,197,ITA,60431283.0,76.71523373084764
4420,San_Marino,SM,2020-03-07,23,1,SMR,33785.0,680.775492082285
2164,Iceland,IS,2020-03-07,43,0,ISL,353574.0,121.61527714141877
5293,United_Kingdom,GB,2020-03-08,206,2,GBR,66488991.0,3.0982572738996748
330,Austria,AT,2020-03-08,99,0,AUT,8847037.0,11.190187177921828
4621,Slovenia,SI,2020-03-08,12,0,SVN,2067372.0,5.804470603258629
4610,Slovakia,SK,2020-03-08,3,0,SVK,5447011.0,0.5507607750379061
2959,Latvia,LV,2020-03-08,2,0,LVA,1926542.0,1.0381294568195243
1807,France,FR,2020-03-08,716,10,FRA,66987244.0,10.688602146402678
3283,Malta,MT,2020-03-08,3,0,MLT,483530.0,6.204372014145968
1174,Croatia,HR,2020-03-08,12,0,HRV,4089400.0,2.934415806719812
4882,Sweden,SE,2020-03-08,161,0,SWE,10183175.0,15.810393123952009
3367,Moldova,MD,2020-03-08,1,0,MDA,3545883.0,0.2820172013571796
2547,Ireland,IE,2020-03-08,19,0,IRL,4853506.0,3.9146958920005455
2701,Italy,IT,2020-03-08,5883,233,ITA,60431283.0,97.35024159589662
817,Bulgaria,BG,2020-03-08,2,0,BGR,7024216.0,0.2847292850903218
4961,Switzerland,CH,2020-03-08,264,1,CHE,8516543.0,30.998493167943845
3529,Netherlands,NL,2020-03-08,188,1,NLD,17231017.0,10.910557397743847
1968,Germany,DE,2020-03-08,847,0,DEU,82927922.0,10.213688943031757
4259,Romania,RO,2020-03-08,13,0,ROU,19473936.0,0.6675589362109438
4155,Poland,PL,2020-03-08,6,0,POL,37978548.0,0.15798392292406754
4168,Portugal,PT,2020-03-08,21,0,PRT,10281762.0,2.0424514786473367
3816,Norway,NO,2020-03-08,147,0,NOR,5314336.0,27.66102858381555
1263,Czech_Republic,CZ,2020-03-08,26,0,CZE,10625695.0,2.4468987675629688
4419,San_Marino,SM,2020-03-08,26,1,SMR,33785.0,769.5722953973657
1348,Denmark,DK,2020-03-08,31,0,DNK,5797446.0,5.347182190226524
2163,Iceland,IS,2020-03-08,53,0,ISL,353574.0,149.8978997324464
4727,Spain,ES,2020-03-08,430,5,ESP,46723749.0,9.20302863539482
2150,Hungary,HU,2020-03-08,7,0,HUN,9768785.0,0.7165681300182162
637,Belgium,BE,2020-03-08,169,0,BEL,11422068.0,14.795919618058656
4609,Slovakia,SK,2020-03-09,5,0,SVK,5447011.0,0.9179346250631769
1806,France,FR,2020-03-09,1126,19,FRA,66987244.0,16.809170414594156
1262,Czech_Republic,CZ,2020-03-09,32,0,CZE,10625695.0,3.011567713923654
3123,Luxembourg,LU,2020-03-09,5,0,LUX,607728.0,8.227364873759313
329,Austria,AT,2020-03-09,102,0,AUT,8847037.0,11.529283759070974
3528,Netherlands,NL,2020-03-09,265,3,NLD,17231017.0,15.379243140436806
1967,Germany,DE,2020-03-09,902,0,DEU,82927922.0,10.87691549777408
1730,Finland,FI,2020-03-09,30,0,FIN,5518050.0,5.436703183189714
4726,Spain,ES,2020-03-09,589,5,ESP,46723749.0,12.606008991273368
4960,Switzerland,CH,2020-03-09,332,2,CHE,8516543.0,38.98295352938393
4620,Slovenia,SI,2020-03-09,16,0,SVN,2067372.0,7.739294137678172
2149,Hungary,HU,2020-03-09,8,0,HUN,9768785.0,0.8189350057351042
2162,Iceland,IS,2020-03-09,55,0,ISL,353574.0,155.55442425065192
2958,Latvia,LV,2020-03-09,3,0,LVA,1926542.0,1.5571941852292865
636,Belgium,BE,2020-03-09,200,0,BEL,11422068.0,17.50996404503983
4881,Sweden,SE,2020-03-09,203,0,SWE,10183175.0,19.934843504113402
3815,Norway,NO,2020-03-09,169,0,NOR,5314336.0,31.80077435826414
5292,United_Kingdom,GB,2020-03-09,273,3,GBR,66488991.0,4.105942892109763
1347,Denmark,DK,2020-03-09,38,0,DNK,5797446.0,6.554610426729288
2546,Ireland,IE,2020-03-09,21,0,IRL,4853506.0,4.326769143790076
4418,San_Marino,SM,2020-03-09,37,1,SMR,33785.0,1095.160574219328
4167,Portugal,PT,2020-03-09,30,0,PRT,10281762.0,2.9177878266390525
2700,Italy,IT,2020-03-09,7375,366,ITA,60431283.0,122.03944106233853
816,Bulgaria,BG,2020-03-09,4,0,BGR,7024216.0,0.5694585701806436
4154,Poland,PL,2020-03-09,11,0,POL,37978548.0,0.28963719202745714
78,Albania,AL,2020-03-09,2,0,ALB,2866376.0,0.6977451667192301
4258,Romania,RO,2020-03-09,15,0,ROU,19473936.0,0.7702603110126274
77,Albania,AL,2020-03-10,6,0,ALB,2866376.0,2.0932355001576903
1346,Denmark,DK,2020-03-10,113,0,DNK,5797446.0,19.49134153211604
3814,Norway,NO,2020-03-10,192,0,NOR,5314336.0,36.12869039518766
4333,Russia,RU,2020-03-10,10,0,RUS,144478050.0,0.06921466617247395
4959,Switzerland,CH,2020-03-10,374,2,CHE,8516543.0,43.91453198792045
2699,Italy,IT,2020-03-10,9172,464,ITA,60431283.0,151.7756953794941
4725,Spain,ES,2020-03-10,1204,28,ESP,46723749.0,25.76848017910549
1805,France,FR,2020-03-10,1412,30,FRA,66987244.0,21.07863998703992
1261,Czech_Republic,CZ,2020-03-10,40,0,CZE,10625695.0,3.7644596424045673
2957,Latvia,LV,2020-03-10,6,0,LVA,1926542.0,3.114388370458573
4257,Romania,RO,2020-03-10,17,0,ROU,19473936.0,0.8729616858143111
1966,Germany,DE,2020-03-10,1139,2,DEU,82927922.0,13.734819015481904
2161,Iceland,IS,2020-03-10,65,0,ISL,353574.0,183.83704684167952
3527,Netherlands,NL,2020-03-10,321,3,NLD,17231017.0,18.629196407849864
4166,Portugal,PT,2020-03-10,39,0,PRT,10281762.0,3.7931241746307682
328,Austria,AT,2020-03-10,131,0,AUT,8847037.0,14.807217376846056
2148,Hungary,HU,2020-03-10,9,0,HUN,9768785.0,0.9213018814519923
1729,Finland,FI,2020-03-10,40,0,FIN,5518050.0,7.248937577586285
3282,Malta,MT,2020-03-10,4,0,MLT,483530.0,8.272496018861291
4153,Poland,PL,2020-03-10,17,0,POL,37978548.0,0.4476211149515247
4880,Sweden,SE,2020-03-10,248,0,SWE,10183175.0,24.353897482857754
5291,United_Kingdom,GB,2020-03-10,321,5,GBR,66488991.0,4.827866917096095
635,Belgium,BE,2020-03-10,239,0,BEL,11422068.0,20.924407033822597
4417,San_Marino,SM,2020-03-10,49,2,SMR,33785.0,1450.3477874796506
2698,Italy,IT,2020-03-11,10149,631,ITA,60431283.0,167.94281862259982
2147,Hungary,HU,2020-03-11,12,0,HUN,9768785.0,1.2284025086026564
1647,Estonia,EE,2020-03-11,13,0,EST,1320884.0,9.841893762056321
634,Belgium,BE,2020-03-11,267,0,BEL,11422068.0,23.375802000128175
76,Albania,AL,2020-03-11,10,0,ALB,2866376.0,3.488725833596151
3052,Lithuania,LT,2020-03-11,3,0,LTU,2789533.0,1.0754488296069629
561,Belarus,BY,2020-03-11,9,0,BLR,9485386.0,0.9488280181744844
2545,Ireland,IE,2020-03-11,35,0,IRL,4853506.0,7.211281906316794
3122,Luxembourg,LU,2020-03-11,7,0,LUX,607728.0,11.518310823263038
4152,Poland,PL,2020-03-11,22,0,POL,37978548.0,0.5792743840549143
4416,San_Marino,SM,2020-03-11,62,2,SMR,33785.0,1835.1339351783333
1173,Croatia,HR,2020-03-11,13,0,HRV,4089400.0,3.178950457279796
3741,North_Macedonia,MK,2020-03-11,7,0,MKD,2082958.0,3.3606054466772735
3366,Moldova,MD,2020-03-11,3,0,MDA,3545883.0,0.8460516040715388
1260,Czech_Republic,CZ,2020-03-11,63,0,CZE,10625695.0,5.9290239367871935
1345,Denmark,DK,2020-03-11,264,0,DNK,5797446.0,45.53729349096137
2160,Iceland,IS,2020-03-11,70,0,ISL,353574.0,197.97835813719334
4879,Sweden,SE,2020-03-11,326,0,SWE,10183175.0,32.013591046014625
4724,Spain,ES,2020-03-11,1639,35,ESP,46723749.0,35.078520775376994
3813,Norway,NO,2020-03-11,277,0,NOR,5314336.0,52.12316270555719
4165,Portugal,PT,2020-03-11,41,0,PRT,10281762.0,3.9876433630733716
2956,Latvia,LV,2020-03-11,8,0,LVA,1926542.0,4.152517827278097
4958,Switzerland,CH,2020-03-11,490,3,CHE,8516543.0,57.53508201625941
4256,Romania,RO,2020-03-11,25,0,ROU,19473936.0,1.2837671850210457
4619,Slovenia,SI,2020-03-11,31,0,SVN,2067372.0,14.994882391751458
4608,Slovakia,SK,2020-03-11,7,0,SVK,5447011.0,1.2851084750884476
1965,Germany,DE,2020-03-11,1296,2,DEU,82927922.0,15.62802936265544
3526,Netherlands,NL,2020-03-11,382,4,NLD,17231017.0,22.169324074139094
327,Austria,AT,2020-03-11,182,0,AUT,8847037.0,20.571859256381543
4516,Serbia,RS,2020-03-11,5,0,SRB,6982084.0,0.7161185686107471
5290,United_Kingdom,GB,2020-03-11,373,6,GBR,66488991.0,5.609951277497955
1804,France,FR,2020-03-11,1784,33,FRA,66987244.0,26.631936074277064
1172,Croatia,HR,2020-03-12,16,0,HRV,4089400.0,3.9125544089597493
4415,San_Marino,SM,2020-03-12,66,3,SMR,33785.0,1953.5296729317743
3051,Lithuania,LT,2020-03-12,3,0,LTU,2789533.0,1.0754488296069629
4607,Slovakia,SK,2020-03-12,10,0,SVK,5447011.0,1.8358692501263538
4878,Sweden,SE,2020-03-12,462,1,SWE,10183175.0,45.36895418177533
1803,France,FR,2020-03-12,2281,48,FRA,66987244.0,34.0512590725482
4618,Slovenia,SI,2020-03-12,57,0,SVN,2067372.0,27.57123536547849
3525,Netherlands,NL,2020-03-12,503,5,NLD,17231017.0,29.191544526942312
1646,Estonia,EE,2020-03-12,16,0,EST,1320884.0,12.113100014838547
3281,Malta,MT,2020-03-12,6,0,MLT,483530.0,12.408744028291936
2146,Hungary,HU,2020-03-12,13,0,HUN,9768785.0,1.3307693843195445
4164,Portugal,PT,2020-03-12,59,0,PRT,10281762.0,5.738316059056803
1728,Finland,FI,2020-03-12,59,0,FIN,5518050.0,10.692182926939772
326,Austria,AT,2020-03-12,246,0,AUT,8847037.0,27.805919654229996
4151,Poland,PL,2020-03-12,31,0,POL,37978548.0,0.8162502684410157
560,Belarus,BY,2020-03-12,12,0,BLR,9485386.0,1.265104024232646
2159,Iceland,IS,2020-03-12,85,0,ISL,353574.0,240.4022920237348
4332,Russia,RU,2020-03-12,25,0,RUS,144478050.0,0.17303666543118487
3044,Liechtenstein,LI,2020-03-12,3,0,LIE,37910.0,79.13479293062517
1964,Germany,DE,2020-03-12,1567,3,DEU,82927922.0,18.895927477840335
75,Albania,AL,2020-03-12,11,1,ALB,2866376.0,3.837598416955766
633,Belgium,BE,2020-03-12,314,3,BEL,11422068.0,27.490643550712534
3121,Luxembourg,LU,2020-03-12,7,0,LUX,607728.0,11.518310823263038
2697,Italy,IT,2020-03-12,12462,827,ITA,60431283.0,206.2176968839136
4957,Switzerland,CH,2020-03-12,642,4,CHE,8516543.0,75.38269929477254
1259,Czech_Republic,CZ,2020-03-12,94,0,CZE,10625695.0,8.846480159650733
4515,Serbia,RS,2020-03-12,18,0,SRB,6982084.0,2.57802684699869
723,Bosnia_and_Herzegovina,BA,2020-03-12,3,0,BIH,3323929.0,0.9025463540286209
815,Bulgaria,BG,2020-03-12,7,1,BGR,7024216.0,0.9965524978161264
4723,Spain,ES,2020-03-12,2140,47,ESP,46723749.0,45.801119255220726
2955,Latvia,LV,2020-03-12,10,0,LVA,1926542.0,5.190647284097621
5289,United_Kingdom,GB,2020-03-12,456,6,GBR,66488991.0,6.858278237370154
3365,Moldova,MD,2020-03-12,4,0,MDA,3545883.0,1.1280688054287185
3812,Norway,NO,2020-03-12,489,0,NOR,5314336.0,92.01525835024357
4255,Romania,RO,2020-03-12,45,0,ROU,19473936.0,2.3107809330378823
1344,Denmark,DK,2020-03-12,516,0,DNK,5797446.0,89.00471000506086
2544,Ireland,IE,2020-03-12,43,1,IRL,4853506.0,8.859574913474919
2543,Ireland,IE,2020-03-13,70,1,IRL,4853506.0,14.422563812633587
1802,France,FR,2020-03-13,2876,61,FRA,66987244.0,42.933547169069975
4163,Portugal,PT,2020-03-13,78,0,PRT,10281762.0,7.5862483492615365
3280,Malta,MT,2020-03-13,9,0,MLT,483530.0,18.613116042437905
3524,Netherlands,NL,2020-03-13,614,5,NLD,17231017.0,35.633416181993205
4331,Russia,RU,2020-03-13,30,0,RUS,144478050.0,0.20764399851742185
4956,Switzerland,CH,2020-03-13,854,4,CHE,8516543.0,100.27542865690926
1727,Finland,FI,2020-03-13,155,0,FIN,5518050.0,28.089633113146856
1171,Croatia,HR,2020-03-13,25,0,HRV,4089400.0,6.113366263999608
4877,Sweden,SE,2020-03-13,620,1,SWE,10183175.0,60.88474370714438
2696,Italy,IT,2020-03-13,15113,1016,ITA,60431283.0,250.0857047830674
814,Bulgaria,BG,2020-03-13,23,1,BGR,7024216.0,3.274386778538701
1963,Germany,DE,2020-03-13,2369,5,DEU,82927922.0,28.56697651244656
4254,Romania,RO,2020-03-13,64,0,ROU,19473936.0,3.2864439936538767
559,Belarus,BY,2020-03-13,21,0,BLR,9485386.0,2.2139320424071305
3364,Moldova,MD,2020-03-13,6,0,MDA,3545883.0,1.6921032081430776
1258,Czech_Republic,CZ,2020-03-13,116,0,CZE,10625695.0,10.916932962973245
3120,Luxembourg,LU,2020-03-13,26,0,LUX,607728.0,42.78229734354843
5288,United_Kingdom,GB,2020-03-13,590,10,GBR,66488991.0,8.87364947379033
3811,Norway,NO,2020-03-13,621,1,NOR,5314336.0,116.85373299693508
4617,Slovenia,SI,2020-03-13,96,0,SVN,2067372.0,46.43576482606903
632,Belgium,BE,2020-03-13,399,3,BEL,11422068.0,34.93237826985446
1343,Denmark,DK,2020-03-13,676,0,DNK,5797446.0,116.6030696965526
4722,Spain,ES,2020-03-13,3004,84,ESP,46723749.0,64.29278609471172
3043,Liechtenstein,LI,2020-03-13,4,0,LIE,37910.0,105.51305724083356
4514,Serbia,RS,2020-03-13,24,0,SRB,6982084.0,3.4373691293315862
4606,Slovakia,SK,2020-03-13,21,0,SVK,5447011.0,3.855325425265343
325,Austria,AT,2020-03-13,361,1,AUT,8847037.0,40.80462193161394
1645,Estonia,EE,2020-03-13,27,0,EST,1320884.0,20.44085627504005
3740,North_Macedonia,MK,2020-03-13,9,0,MKD,2082958.0,4.320778431442209
4150,Poland,PL,2020-03-13,49,1,POL,37978548.0,1.2902020372132184
2954,Latvia,LV,2020-03-13,16,0,LVA,1926542.0,8.305035654556194
2158,Iceland,IS,2020-03-13,117,0,ISL,353574.0,330.90668431502314
4414,San_Marino,SM,2020-03-13,67,5,SMR,33785.0,1983.1286073701344
722,Bosnia_and_Herzegovina,BA,2020-03-13,3,0,BIH,3323929.0,0.9025463540286209
2145,Hungary,HU,2020-03-13,16,0,HUN,9768785.0,1.6378700114702085
5208,Ukraine,UA,2020-03-13,3,0,UKR,44622516.0,0.0672306330732225
74,Albania,AL,2020-03-13,23,1,ALB,2866376.0,8.024069417271146
4955,Switzerland,CH,2020-03-14,1121,7,CHE,8516543.0,131.6261774290343
324,Austria,AT,2020-03-14,504,1,AUT,8847037.0,56.968225633056576
3523,Netherlands,NL,2020-03-14,804,5,NLD,17231017.0,46.66004333928751
4513,Serbia,RS,2020-03-14,41,0,SRB,6982084.0,5.872172262608126
4330,Russia,RU,2020-03-14,45,0,RUS,144478050.0,0.31146599777613276
1801,France,FR,2020-03-14,3661,79,FRA,66987244.0,54.65219617036342
813,Bulgaria,BG,2020-03-14,31,1,BGR,7024216.0,4.413303918899988
73,Albania,AL,2020-03-14,33,1,ALB,2866376.0,11.512795250867297
4616,Slovenia,SI,2020-03-14,141,0,SVN,2067372.0,68.2025295882889
5287,United_Kingdom,GB,2020-03-14,707,10,GBR,66488991.0,10.633339284694515
2953,Latvia,LV,2020-03-14,19,0,LVA,1926542.0,9.862229839785481
1962,Germany,DE,2020-03-14,3062,5,DEU,82927922.0,36.92363110219981
4253,Romania,RO,2020-03-14,89,0,ROU,19473936.0,4.570211178674922
2695,Italy,IT,2020-03-14,17660,1268,ITA,60431283.0,292.232749716732
4605,Slovakia,SK,2020-03-14,30,0,SVK,5447011.0,5.507607750379061
2542,Ireland,IE,2020-03-14,91,1,IRL,4853506.0,18.749332956423665
631,Belgium,BE,2020-03-14,559,3,BEL,11422068.0,48.940349505886324
4149,Poland,PL,2020-03-14,68,2,POL,37978548.0,1.7904844598060987
4876,Sweden,SE,2020-03-14,775,1,SWE,10183175.0,76.10592963393047
1170,Croatia,HR,2020-03-14,31,0,HRV,4089400.0,7.580574167359514
4413,San_Marino,SM,2020-03-14,73,5,SMR,33785.0,2160.722214000296
3739,North_Macedonia,MK,2020-03-14,13,0,MKD,2082958.0,6.241124400972079
2157,Iceland,IS,2020-03-14,117,0,ISL,353574.0,330.90668431502314
1644,Estonia,EE,2020-03-14,79,0,EST,1320884.0,59.80843132326533
2144,Hungary,HU,2020-03-14,25,0,HUN,9768785.0,2.5591718929222007
3279,Malta,MT,2020-03-14,12,0,MLT,483530.0,24.817488056583873
4162,Portugal,PT,2020-03-14,112,0,PRT,10281762.0,10.893074552785796
3810,Norway,NO,2020-03-14,621,1,NOR,5314336.0,116.85373299693508
3363,Moldova,MD,2020-03-14,8,0,MDA,3545883.0,2.256137610857437
3042,Liechtenstein,LI,2020-03-14,4,0,LIE,37910.0,105.51305724083356
3050,Lithuania,LT,2020-03-14,6,0,LTU,2789533.0,2.1508976592139257
1342,Denmark,DK,2020-03-14,804,0,DNK,5797446.0,138.681757449746
4721,Spain,ES,2020-03-14,4231,121,ESP,46723749.0,90.55352129384995
156,Andorra,AD,2020-03-14,2,0,AND,77006.0,25.972002181648183
3119,Luxembourg,LU,2020-03-14,38,1,LUX,607728.0,62.52797304057078
1257,Czech_Republic,CZ,2020-03-14,150,0,CZE,10625695.0,14.116723659017127
1800,France,FR,2020-03-15,4499,91,FRA,66987244.0,67.16204058193527
1169,Croatia,HR,2020-03-15,37,0,HRV,4089400.0,9.04778207071942
3278,Malta,MT,2020-03-15,18,0,MLT,483530.0,37.22623208487581
3362,Moldova,MD,2020-03-15,20,0,MDA,3545883.0,5.640344027143592
1256,Czech_Republic,CZ,2020-03-15,214,0,CZE,10625695.0,20.139859086864433
3371,Monaco,MC,2020-03-15,3,0,MCO,38682.0,77.55545214828602
3809,Norway,NO,2020-03-15,907,1,NOR,5314336.0,170.6704280647667
3049,Lithuania,LT,2020-03-15,9,0,LTU,2789533.0,3.2263464888208886
3041,Liechtenstein,LI,2020-03-15,4,0,LIE,37910.0,105.51305724083356
2952,Latvia,LV,2020-03-15,26,0,LVA,1926542.0,13.495682938653816
1643,Estonia,EE,2020-03-15,115,0,EST,1320884.0,87.06290635665206
2156,Iceland,IS,2020-03-15,138,0,ISL,353574.0,390.30019175618116
2143,Hungary,HU,2020-03-15,31,0,HUN,9768785.0,3.173373147223529
1961,Germany,DE,2020-03-15,3795,8,DEU,82927922.0,45.76263227722021
1726,Finland,FI,2020-03-15,210,0,FIN,5518050.0,38.056922282327996
1341,Denmark,DK,2020-03-15,827,0,DNK,5797446.0,142.64902165539792
2694,Italy,IT,2020-03-15,17750,1441,ITA,60431283.0,293.72204459071304
323,Austria,AT,2020-03-15,655,1,AUT,8847037.0,74.03608688423027
2541,Ireland,IE,2020-03-15,129,2,IRL,4853506.0,26.578724740424754
3522,Netherlands,NL,2020-03-15,959,12,NLD,17231017.0,55.655449704448664
4329,Russia,RU,2020-03-15,59,0,RUS,144478050.0,0.4083665304175963
4412,San_Marino,SM,2020-03-15,92,5,SMR,33785.0,2723.10196832914
4512,Serbia,RS,2020-03-15,46,0,SRB,6982084.0,6.588290831218874
72,Albania,AL,2020-03-15,38,1,ALB,2866376.0,13.257158167665374
4604,Slovakia,SK,2020-03-15,44,0,SVK,5447011.0,8.077824700555956
4615,Slovenia,SI,2020-03-15,181,0,SVN,2067372.0,87.55076493248433
5286,United_Kingdom,GB,2020-03-15,1140,21,GBR,66488991.0,17.145695593425383
4720,Spain,ES,2020-03-15,5753,136,ESP,46723749.0,123.12796218471254
630,Belgium,BE,2020-03-15,689,4,BEL,11422068.0,60.32182613516222
4875,Sweden,SE,2020-03-15,924,1,SWE,10183175.0,90.73790836355066
4954,Switzerland,CH,2020-03-15,1359,11,CHE,8516543.0,159.57178869407457
4252,Romania,RO,2020-03-15,113,0,ROU,19473936.0,5.802627676295127
812,Bulgaria,BG,2020-03-15,41,2,BGR,7024216.0,5.836950344351598
4148,Poland,PL,2020-03-15,104,3,POL,37978548.0,2.738387997350504
4161,Portugal,PT,2020-03-15,169,0,PRT,10281762.0,16.436871423399996
5285,United_Kingdom,GB,2020-03-16,1391,35,GBR,66488991.0,20.920756640749744
5207,Ukraine,UA,2020-03-16,3,0,UKR,44622516.0,0.0672306330732225
811,Bulgaria,BG,2020-03-16,51,2,BGR,7024216.0,7.260596769803207
4160,Portugal,PT,2020-03-16,245,0,PRT,10281762.0,23.82860058421893
2540,Ireland,IE,2020-03-16,169,2,IRL,4853506.0,34.82018977621538
322,Austria,AT,2020-03-16,860,1,AUT,8847037.0,97.2076865960886
2693,Italy,IT,2020-03-16,23980,1811,ITA,60431283.0,396.81434531184783
4614,Slovenia,SI,2020-03-16,219,0,SVN,2067372.0,105.93158850946999
4719,Spain,ES,2020-03-16,7753,288,ESP,46723749.0,165.93274653538612
1960,Germany,DE,2020-03-16,4838,12,DEU,82927922.0,58.339819488060975
4953,Switzerland,CH,2020-03-16,2200,13,CHE,8516543.0,258.32077639953206
1725,Finland,FI,2020-03-16,267,0,FIN,5518050.0,48.38665833038846
558,Belarus,BY,2020-03-16,27,0,BLR,9485386.0,2.846484054523453
4874,Sweden,SE,2020-03-16,1032,3,SWE,10183175.0,101.3436379125371
155,Andorra,AD,2020-03-16,5,0,AND,77006.0,64.93000545412045
4147,Poland,PL,2020-03-16,125,3,POL,37978548.0,3.2913317275847405
2133,Holy_See,VA,2020-03-16,1,0,VAT,,
2142,Hungary,HU,2020-03-16,39,1,HUN,9768785.0,3.9923081529586333
2155,Iceland,IS,2020-03-16,178,0,ISL,353574.0,503.43068212029164
629,Belgium,BE,2020-03-16,886,4,BEL,11422068.0,77.56914071952644
1642,Estonia,EE,2020-03-16,171,0,EST,1320884.0,129.458756408587
4603,Slovakia,SK,2020-03-16,61,0,SVK,5447011.0,11.198802425770758
71,Albania,AL,2020-03-16,42,1,ALB,2866376.0,14.652648501103833
1340,Denmark,DK,2020-03-16,875,1,DNK,5797446.0,150.92852956284543
3277,Malta,MT,2020-03-16,21,0,MLT,483530.0,43.43060409902178
4411,San_Marino,SM,2020-03-16,98,7,SMR,33785.0,2900.695574959301
1168,Croatia,HR,2020-03-16,48,0,HRV,4089400.0,11.737663226879247
1799,France,FR,2020-03-16,5423,127,FRA,66987244.0,80.9557115082985
3370,Monaco,MC,2020-03-16,7,0,MCO,38682.0,180.96272167933404
4328,Russia,RU,2020-03-16,63,0,RUS,144478050.0,0.4360523968865859
3521,Netherlands,NL,2020-03-16,1135,20,NLD,17231017.0,65.86958854488971
4251,Romania,RO,2020-03-16,139,0,ROU,19473936.0,7.137745548717014
3040,Liechtenstein,LI,2020-03-16,7,0,LIE,37910.0,184.6478501714587
2951,Latvia,LV,2020-03-16,31,0,LVA,1926542.0,16.091006580702626
721,Bosnia_and_Herzegovina,BA,2020-03-16,18,0,BIH,3323929.0,5.415278124171725
3048,Lithuania,LT,2020-03-16,14,0,LTU,2789533.0,5.018761204832494
3361,Moldova,MD,2020-03-16,23,0,MDA,3545883.0,6.486395631215131
3808,Norway,NO,2020-03-16,1077,1,NOR,5314336.0,202.6593726855058
4511,Serbia,RS,2020-03-16,55,0,SRB,6982084.0,7.877304254718219
1255,Czech_Republic,CZ,2020-03-16,298,0,CZE,10625695.0,28.045224335914025
3738,North_Macedonia,MK,2020-03-16,13,0,MKD,2082958.0,6.241124400972079
3118,Luxembourg,LU,2020-03-16,77,1,LUX,607728.0,126.70141905589341
5284,United_Kingdom,GB,2020-03-17,1543,55,GBR,66488991.0,23.206849386539798
3360,Moldova,MD,2020-03-17,29,0,MDA,3545883.0,8.178498839358207
1254,Czech_Republic,CZ,2020-03-17,344,0,CZE,10625695.0,32.37435292467928
3369,Monaco,MC,2020-03-17,9,0,MCO,38682.0,232.66635644485805
3276,Malta,MT,2020-03-17,30,0,MLT,483530.0,62.04372014145968
321,Austria,AT,2020-03-17,1016,3,AUT,8847037.0,114.84070881584422
3117,Luxembourg,LU,2020-03-17,81,1,LUX,607728.0,133.28331095490086
1339,Denmark,DK,2020-03-17,932,1,DNK,5797446.0,160.76044520293937
1167,Croatia,HR,2020-03-17,56,0,HRV,4089400.0,13.693940431359122
3807,Norway,NO,2020-03-17,1169,3,NOR,5314336.0,219.97103683319986
3737,North_Macedonia,MK,2020-03-17,19,0,MKD,2082958.0,9.121643355266885
3520,Netherlands,NL,2020-03-17,1413,24,NLD,17231017.0,82.00328512240455
154,Andorra,AD,2020-03-17,14,0,AND,77006.0,181.80401527153728
3047,Lithuania,LT,2020-03-17,17,0,LTU,2789533.0,6.094210034439456
3039,Liechtenstein,LI,2020-03-17,7,0,LIE,37910.0,184.6478501714587
1798,France,FR,2020-03-17,6633,148,FRA,66987244.0,99.0188520071075
2154,Iceland,IS,2020-03-17,199,0,ISL,353574.0,562.8241895614497
2141,Hungary,HU,2020-03-17,50,1,HUN,9768785.0,5.118343785844401
2132,Holy_See,VA,2020-03-17,1,0,VAT,,
1959,Germany,DE,2020-03-17,6012,13,DEU,82927922.0,72.49669176565163
1724,Finland,FI,2020-03-17,272,0,FIN,5518050.0,49.29277552758674
2539,Ireland,IE,2020-03-17,223,2,IRL,4853506.0,45.946167574532716
2950,Latvia,LV,2020-03-17,36,0,LVA,1926542.0,18.686330222751437
1641,Estonia,EE,2020-03-17,205,0,EST,1320884.0,155.1990939401189
2692,Italy,IT,2020-03-17,27980,2158,ITA,60431283.0,463.0052285998959
4613,Slovenia,SI,2020-03-17,253,0,SVN,2067372.0,122.3775885520361
628,Belgium,BE,2020-03-17,1085,5,BEL,11422068.0,94.99155494434108
720,Bosnia_and_Herzegovina,BA,2020-03-17,21,0,BIH,3323929.0,6.317824478200347
4510,Serbia,RS,2020-03-17,57,0,SRB,6982084.0,8.163751682162518
70,Albania,AL,2020-03-17,51,1,ALB,2866376.0,17.79250175134037
4718,Spain,ES,2020-03-17,9191,309,ESP,46723749.0,196.7093864835204
557,Belarus,BY,2020-03-17,36,0,BLR,9485386.0,3.7953120726979375
5206,Ukraine,UA,2020-03-17,5,0,UKR,44622516.0,0.1120510551220375
4952,Switzerland,CH,2020-03-17,2200,14,CHE,8516543.0,258.32077639953206
4873,Sweden,SE,2020-03-17,1121,7,SWE,10183175.0,110.08354467049814
4602,Slovakia,SK,2020-03-17,84,0,SVK,5447011.0,15.421301701061372
4250,Romania,RO,2020-03-17,184,0,ROU,19473936.0,9.448526481754897
4146,Poland,PL,2020-03-17,177,4,POL,37978548.0,4.660525726259992
4327,Russia,RU,2020-03-17,93,0,RUS,144478050.0,0.6436963954040078
4159,Portugal,PT,2020-03-17,331,0,PRT,10281762.0,32.19292568725088
810,Bulgaria,BG,2020-03-17,62,2,BGR,7024216.0,8.826607837799976
4410,San_Marino,SM,2020-03-17,102,9,SMR,33785.0,3019.091312712742
